Cat,Maker,2015,2016,2017,2018,2019,2020,2021,2022,2023,2024,total_sales
3W,Volvo Group India Pvt Ltd,0,0,31,12,0,0,0,0,0,0,43
3W,3Ev Industries Pvt Ltd,0,0,0,0,0,0,112,390,545,51,1098
2W,3Gb Technology Pvt Ltd,0,0,0,1,0,0,0,0,0,0,1
3W,3Gb Technology Pvt Ltd,0,1,1,0,0,0,0,0,0,0,2
3W,3S Industries Private Limited,0,0,0,0,48,66,43,68,266,578,1069
LMV,3S Industries Private Limited,0,0,0,0,3,1,0,0,0,0,4
3W,A B Excavators & Earthmover Ltd,0,1,0,0,0,0,0,0,0,0,1
3W,A D Agro Works,0,0,2,1,0,0,0,0,0,0,3
3W,A K Autto Electrical,0,1,72,56,42,1,5,3,2,0,182
3W,A K Gupta & Co.,0,0,100,625,438,195,256,433,563,355,2965
3W,A P I Motors Pvt Ltd,0,0,0,2,28,14,20,93,279,146,582
LMV,A R T Welding Works,0,1,0,2,0,0,0,0,0,0,3
3W,A. K. Autto Electrical,0,0,0,0,0,1,0,0,0,0,1
3W,A.J Enterprises,0,0,0,0,0,0,0,0,0,66,66
3W,A.K.Auto Electrical,0,2,8,0,0,0,0,0,0,0,10
3W,A.R. Motor,0,0,0,0,0,0,0,0,0,164,164
3W,A.V.Automotives Pvt Ltd,0,0,33,280,452,256,677,1451,1309,674,5132
2W,A-1 Sureja Industries,0,0,0,0,0,0,0,0,0,2,2
3W,A3T Incorported,0,8,94,85,41,3,17,8,0,0,256
LMV,A3T Incorported,0,0,2,75,0,0,0,0,0,0,77
3W,Aadhya Enterprises,0,3,0,4,6,4,6,516,797,312,1648
LMV,Aadhya Enterprises,0,0,0,0,0,1,0,0,0,0,1
3W,Aaditya Emotors India Pvt Ltd,0,1,471,179,10,0,0,0,0,0,661
LMV,Aaditya Emotors India Pvt Ltd,0,0,2,6,0,0,0,0,0,0,8
3W,Aaditya Garbage Products Pvt Ltd,0,0,0,0,13,0,0,10,34,4,61
LMV,Aaditya Garbage Products Pvt Ltd,0,0,0,0,1,0,0,0,0,0,1
3W,Aahana Commerce Pvt Ltd,0,0,0,0,0,61,202,309,918,1194,2684
3W,Aakk Auto Pvt Ltd,0,0,0,0,0,0,0,0,0,16,16
3W,Aargee Electric,0,0,1,0,0,0,10,13,18,4,46
3W,Aashi India Automobiles Pvt Ltd,0,0,0,0,1,0,0,0,0,0,1
3W,Abhavis Technology (I) Pvt Ltd,0,0,1,0,0,0,0,0,0,0,1
LMV,Abirami Engineering Works,0,0,1,0,0,0,0,0,0,0,1
2W,Abzo Motors Pvt Ltd,0,0,0,0,0,0,0,0,12,48,60
3W,Accretion Power Autos,0,1,21,240,315,111,207,608,598,329,2430
2W,Action Construction Equipment Ltd.,0,1,0,0,0,0,0,0,0,0,1
3W,Action Construction Equipment Ltd.,0,0,4,0,0,0,0,0,0,0,4
LMV,Action Construction Equipment Ltd.,6,1,0,0,0,0,0,0,0,0,7
3W,Adapt Motors Pvt Ltd,0,0,0,0,6,2,1,3,4,1,17
LMV,Adapt Motors Pvt Ltd,0,0,0,0,0,0,0,0,0,1,1
3W,Adidev Technoa Pvt Ltd,0,0,0,0,8,14,34,168,689,927,1840
3W,Aditya Agro Industries,0,2,17,3,0,0,1,0,0,0,23
3W,Aditya Enterprises,0,0,0,0,1,0,5,3,1,0,10
3W,Aditya Sai Industries,0,39,187,176,296,75,53,129,179,152,1286
LMV,Aditya Sai Industries,0,0,2,2,0,0,0,0,0,0,4
3W,Adm Technologies Pvt. Ltd.,0,0,0,0,0,0,0,0,129,151,280
2W,Adris Electric Pvt Ltd,0,0,0,0,0,0,65,226,61,8,360
2W,Aftek Motors India Pvt Ltd,0,0,0,0,0,1,8,186,138,34,367
3W,Agrasen Engineering Works,0,1,0,0,0,0,0,0,0,0,1
3W,Agrawal Renewable Energy Pvt Ltd,0,0,0,0,2,2,1,1,0,2,8
3W,Agro Industries,0,0,1,0,0,0,0,0,0,0,1
LMV,Ahitesham Agro Engineering,0,0,2,0,0,0,0,0,0,0,2
2W,Ajay Engineering And Agricultural Equipment Co.,0,0,0,0,0,0,1,0,0,0,1
3W,Ajay Motors Private Limited,0,0,0,0,0,0,0,33,190,109,332
3W,Akash Agro Industries,0,0,0,0,1,0,0,0,0,0,1
LMV,Akash Trailor,0,0,0,1,0,0,0,0,0,0,1
3W,Akg International,0,0,0,0,0,0,0,0,138,1048,1186
3W,Aksmd Rechargeable Vehicles Pvt Ltd,0,0,0,0,1,0,0,0,0,0,1
3W,Albedo Vision Pvt Ltd,0,0,0,15,6,15,0,14,39,4,93
MMV,All Terrain Crane,0,0,0,0,0,0,0,0,5,20,25
3W,Allentti Motors Pvt Ltd,0,0,0,0,0,0,0,0,59,131,190
3W,Allfine Industries Pvt Ltd,0,2,239,763,1737,1180,2370,5884,10743,6317,29235
LMV,Allfine Industries Pvt Ltd,0,0,0,0,0,0,0,0,8,0,8
3W,Altier Electric Vehicles Pvt Ltd,0,0,0,0,177,308,381,1626,2517,1804,6813
LMV,Altier Electric Vehicles Pvt Ltd,0,0,0,0,0,0,0,0,1,0,1
3W,Altigreen Propulsion Labs Pvt Ltd,0,0,0,0,0,3,144,699,2512,939,4297
LMV,Altigreen Propulsion Labs Pvt Ltd,0,0,0,0,0,0,2,0,7,6,15
2W,Altius Ev Tech Pvt Ltd,0,0,0,0,0,0,0,67,37,14,118
3W,Altius Technologies,0,32,7,0,79,30,29,9,13,7,206
3W,Al-Zahoor  Co,0,6,0,0,0,0,0,0,0,0,6
3W,Aman Automobiles,0,0,69,41,53,22,64,30,14,55,348
3W,Aman Electric Vehicles,0,80,114,69,20,15,63,39,162,327,889
3W,Amar Coach Builders,0,0,1,0,0,0,0,0,0,0,1
3W,Ambika Enterprises,0,0,0,0,0,25,113,92,145,55,430
3W,Ambika Industries,0,0,0,0,427,656,981,1159,1910,1060,6193
LMV,Amman Engineering Company,1,0,0,1,0,0,0,0,0,0,2
2W,Amo Mobility Solutions Pvt Ltd,0,0,0,0,0,0,0,1497,1574,80,3151
2W,Ampere Vehicles Private Limited,0,0,0,0,1196,4522,12470,79857,42903,857,141805
2W,Ampere Vehicles Pvt Ltd,31,0,0,0,6,153,315,2390,8,0,2903
3W,Ampere Vehicles Pvt Ltd,0,0,44,0,0,0,0,0,0,0,44
3W,Amw Motors Limited,0,0,1,0,0,0,0,0,0,0,1
LMV,Anbu Trailers,1,3,0,1,0,0,0,0,0,0,5
2W,Anchi Motorcycle  (Importer: Ecotrinity Automobile,0,0,0,0,0,0,0,6,51,22,79
2W,Anchi Motorcycle (Importer: Evnexus Pvt. Ltd.),0,0,0,0,0,0,0,0,8,3,11
2W,Anchi Motorcycle (Importer: Yed Electric),0,0,0,0,0,0,0,0,61,39,100
2W,Anchi Motorcycle (Importer:Hindustan Ev Motors),0,0,0,0,0,0,0,0,1,0,1
2W,Anchi Motorcycle(Importer:Green Fuel Alternatives),0,0,0,0,0,0,0,0,13,8,21
3W,Anjali Auto Components,0,0,0,0,0,23,11,21,61,22,138
3W,Anjali Enterprises,0,0,2,3,0,0,0,0,0,0,5
3W,Anjali Traders,0,0,0,75,118,122,79,75,74,53,596
LMV,Anjali Traders,0,0,0,1,0,0,0,0,0,0,1
3W,Ankush Auto Deals,0,15,72,505,287,51,111,2,5,0,1048
3W,Anoop Cylinders Pvt Ltd,0,0,0,0,0,0,0,0,0,8,8
LMV,Antony Trailors,1,8,2,0,0,0,0,0,0,0,11
3W,Aparna Agrico,0,0,25,5,0,0,0,0,0,0,30
3W,Aparna Industries,0,10,93,182,190,83,96,86,87,30,857
3W,Api Motors Pvt Ltd,0,0,5,0,0,0,0,0,0,0,5
3W,Apm Auto Sales,0,0,0,78,267,119,221,399,778,395,2257
3W,Apsara Enterprise,0,0,0,153,276,191,418,379,725,685,2827
LMV,Arasan And Co.,0,1,1,0,0,0,0,0,0,0,2
LMV,Arbuda Trailer,1,0,0,0,0,0,0,0,0,0,1
3W,Archit Enterprises,0,0,131,153,251,110,203,564,1077,777,3266
3W,Ard Exim,0,0,0,0,0,14,24,41,61,29,169
LMV,Ard Exim,0,0,0,0,0,0,0,1,0,0,1
3W,Arihant Enterprise,0,0,1,0,0,0,0,0,0,0,1
3W,Arihant Enterprises,0,0,0,12,8,0,0,0,0,0,20
3W,Arman Green Vehicles Pvt Ltd,0,5,195,214,99,41,31,14,0,0,599
3W,Arna Electric Auto Pvt Ltd,0,0,29,331,308,185,373,344,590,76,2236
3W,Arrow Automotive,0,0,1,64,393,825,1276,2782,3958,1925,11224
LMV,Arrow Automotive,0,0,0,0,0,0,1,3,0,0,4
3W,Asav Automotive Pvt Ltd,0,0,0,0,0,0,0,0,0,1,1
3W,Asha Impex,0,0,5,21,2,7,35,61,86,126,343
3W,Ashlesha Power Controls Pvt Ltd,0,0,0,0,0,0,0,0,6,2,8
3W,Ashma-Motors Pvt Ltd,0,0,0,0,0,0,0,0,294,828,1122
3W,Ashok Leyland Ltd,0,0,1,0,0,0,0,0,0,0,1
LMV,Ashok Leyland Ltd,0,1,0,0,0,0,0,0,0,0,1
3W,Ashwa Electric,0,0,2,16,1,4,4,1,0,1,29
3W,Asia Body Builders & Manufacturers,0,0,0,5,0,0,0,0,0,0,5
3W,Aster Automotive Pvt Ltd,0,0,0,7,0,0,0,2,0,0,9
2W,Ather Energy Pvt Ltd,0,0,0,24,2291,3052,15930,51808,104735,58547,236387
3W,Atlas Copco India Ltd,0,0,0,2,0,0,0,0,0,0,2
2W,Atomex E-Motors India Pvt Ltd,0,0,0,0,0,2,17,3,1,0,23
3W,Atr Technosales Private Limited,0,0,4,9,5,0,0,0,0,0,18
3W,Attolent Auto Group Pvt Ltd,0,397,1023,660,492,176,132,456,760,408,4504
3W,Attolent Autogroup Pvt Ltd,35,1299,190,31,2,12,0,0,0,0,1569
3W,Atul Auto Ltd,1,99,219,492,510,438,893,2864,5502,3938,14956
LMV,Atul Auto Ltd,0,0,14,11,0,0,0,2,5,0,32
3W,Atul Greentech Private Limited,0,0,0,0,0,0,0,0,127,308,435
2W,Atumobile Pvt Ltd,0,0,0,0,0,0,0,0,105,22,127
3W,Atut Sangam,0,1,85,336,139,204,431,943,2335,1593,6067
LMV,Audi Ag,0,0,1,0,0,0,43,115,143,100,402
3W,Autocrola India Ltd,0,0,0,1,0,0,0,0,0,0,1
3W,Autoeco Green Energy Pvt Ltd,0,0,0,0,0,0,0,21,578,524,1123
3W,Autohaus Private Limited,0,0,0,206,329,124,326,485,103,2,1575
3W,Autolite (India) Limited,0,0,49,216,571,328,139,64,11,1,1379
3W,Avl Electric Vehicles Pvt Ltd,0,0,0,54,717,517,957,1480,2632,1951,8308
LMV,Avl Electric Vehicles Pvt Ltd,0,0,0,0,1,0,0,0,0,0,1
3W,Avon Cycle Ltd India,0,1,17,4,1,3,13,40,10,0,89
2W,Avon Cycles Ltd,0,0,8,37,1,0,0,0,0,0,46
3W,Avon Cycles Ltd,0,0,71,191,342,366,470,760,784,429,3413
LMV,Avon Cycles Ltd,0,0,0,0,0,1,0,0,0,0,1
3W,Axceed Industries (Opc) Pvt Ltd,0,0,0,0,6,0,0,0,0,0,6
2W,Ayaan Electronic Pvt Ltd,0,0,0,0,0,2,0,132,112,25,271
3W,B24 Roket Ev,0,0,0,0,0,0,0,0,28,663,691
3W,Baba E Rickshaw & C Batteries,0,2,31,6,0,0,0,0,0,0,39
3W,Baba E-Vehicles,0,2,53,132,145,92,39,288,1363,515,2629
3W,Bafna Auto Cars I Pvt.Ltd.,0,0,1,0,0,0,0,0,0,0,1
3W,Baghwan Rikshaw Udyog,0,0,0,0,0,3,7,3,40,25,78
2W,Baili Motor (Importer:A B Motoss Ev Pvt Ltd),0,0,0,0,0,0,0,0,4,3,7
2W,Bajaj Auto Ltd,161,78,43,7,7,1243,4633,25318,71940,73698,177128
3W,Bajaj Auto Ltd,37,58,86,113,21,19,0,0,4574,16461,21369
LMV,Bajaj Auto Ltd,0,0,0,0,0,0,0,0,0,1,1
3W,Bajaj Implements Pvt Ltd,0,0,71,20,0,0,0,0,0,0,91
3W,Bajaj Implements Pvt. Ltd,0,0,83,283,211,70,42,195,947,575,2406
3W,Bajaj Tempo Limited,0,0,0,0,0,0,1,0,0,0,1
3W,Bal Gopal Wheels Pvt Ltd,0,0,21,87,94,31,86,64,105,99,587
LMV,Bal Gopal Wheels Pvt Ltd,0,0,0,0,1,0,0,0,0,0,1
3W,Balaji Trading Company,0,0,0,0,0,0,0,0,7,21,28
LMV,Balamurugan Engineering Works,1,0,0,0,0,0,0,0,0,0,1
3W,Balan Engineering Pvt Ltd,0,0,0,0,0,0,13,105,146,112,376
3W,Bali Auto Industries,0,2,155,295,315,178,237,333,274,159,1948
3W,"Basudeb Engineering, Cuttack",0,0,0,0,1,0,0,0,0,0,1
3W,Battery Rickshaw Sangh,669,1321,30,1,0,0,0,0,0,0,2021
2W,Battre Electric Moblity Pvt Ltd,0,0,0,0,0,0,0,516,4139,1836,6491
3W,Baxy Ltd,0,0,0,0,0,0,0,0,271,1481,1752
3W,Bengal Motors,0,0,0,1,0,0,0,0,0,0,1
2W,Benling India Energy And Technology Pvt Ltd,0,0,0,0,0,567,4758,13130,3005,402,21862
3W,Bentinck Industries Pvt. Ltd.,0,0,13,160,122,77,91,254,382,137,1236
2W,Bentley Motors Limited,0,1,0,0,0,0,0,0,0,0,1
3W,Best Way Agencies Pvt Ltd,0,57,1501,2044,2312,2155,5022,6447,7902,3545,30985
3W,Bestway Agencies Pvt Ltd,1,147,271,11,8,50,179,141,33,0,841
3W,Bestway Banarash,0,0,2,0,0,15,21,12,12,10,72
2W,Bgauss Auto Private Limited,0,0,0,0,0,0,0,1983,11454,10711,24148
3W,Bhadauria Enterprises,0,0,0,0,0,0,6,7,106,81,200
3W,Bharat Manufacturing & Assembling E Riksha,0,0,0,0,0,0,0,0,2,0,2
3W,Bhave Electric Vehicles Pvt Ltd,0,0,1,0,2,122,456,1591,2682,1398,6252
3W,Bhm Industries,0,0,0,0,0,23,456,1028,1814,1377,4698
3W,Big Bull Trader Pvt Ltd,0,0,30,426,565,460,227,307,673,1040,3728
LMV,Big Bull Trader Pvt Ltd,0,0,0,0,0,0,0,0,0,1,1
3W,Bijnor Enterprises,0,0,18,24,10,4,4,52,72,24,208
LMV,Bilal Trailors,2,8,1,4,0,0,0,0,0,0,15
2W,Blix Cycles And E-Vehicles Pvt Ltd,0,0,0,0,0,0,8,45,65,4,122
LMV,Bmw India Pvt Ltd,1,0,0,5,0,0,0,163,1309,591,2069
2W,Booma Innovative Transport Sulutions Pvt Ltd,0,0,0,0,0,0,0,484,207,326,1017
2W,Bounce Electric 1 Pvt Ltd,0,0,0,0,0,0,0,4514,3565,1598,9677
3W,Bright Autozone Pvt Ltd,0,43,608,713,708,413,1708,3702,3695,1853,13443
3W,Bright Metal Works,0,0,0,0,0,9,4,7,31,1,52
2W,Bsa Motors,1,0,0,0,0,0,0,0,0,0,1
3W,Bserail Engineering Pvt Ltd,0,0,0,0,0,0,0,0,0,41,41
3W,Bull Machines Pvt Ltd,0,0,21,3,0,0,0,0,0,0,24
LMV,Byd Auto,0,0,0,0,0,0,0,0,0,2,2
LMV,Byd India Private Limited,0,0,0,0,0,0,2,453,2012,1401,3868
3W,C M Overseas,0,0,0,10,16,17,21,34,50,16,164
3W,Caparo Autotech Limited,0,24,321,44,4,0,0,0,0,0,393
LMV,Caparo Autotech Limited,0,0,1,0,0,0,0,0,0,0,1
3W,Caparo Autotech Ltd,0,9,62,0,0,0,0,0,0,0,71
3W,Capco Industries Pvt Ltd,0,0,0,0,0,0,0,0,0,30,30
LMV,Capco Industries Pvt Ltd,0,0,0,0,0,0,0,0,0,1,1
3W,Carree Yunus Vehicle Pvt Ltd,0,0,0,0,0,0,0,0,3,22,25
3W,Cart India,0,0,0,17,123,99,26,7,109,357,738
3W,Case Equipment Private Ltd,0,1,1,0,0,0,0,0,0,0,2
3W,Caterpillar India Private Limited,0,0,5,0,0,0,0,0,0,0,5
3W,Ceeon India,0,311,536,928,687,263,213,394,874,394,4600
3W,Celletron Motor Works,0,0,0,0,0,6,9,11,0,93,119
3W,Century Motors Pvt Ltd,0,2,2,0,0,0,0,0,0,0,4
3W,Champion Poly Plast,0,492,1744,3005,4215,2741,6672,13091,14877,6654,53491
LMV,Champion Poly Plast,0,0,0,0,0,0,2,0,0,0,2
3W,Chandake-Automobiles Llp,0,0,0,0,0,0,0,0,0,37,37
2W,Chandana Corporation,0,0,0,0,0,0,133,426,501,106,1166
3W,Changzhou Yefend Vehicle Co,0,3,8,0,0,0,0,0,0,0,11
3W,Charuvikram Automobile Pvt Ltd,0,0,0,0,84,56,22,6,6,0,174
3W,Chatelec Vehicles India Ltd,0,0,1,0,0,0,0,0,0,0,1
LMV,Chatelec Vehicles India Ltd,0,0,1,1,0,0,0,0,0,0,2
3W,Chauhan Auto Industries,0,0,0,17,121,86,118,406,571,380,1699
3W,Chehak Batteries,0,46,160,195,80,48,62,223,290,190,1294
2W,Chetak Technology Limited,0,0,0,0,0,0,0,0,4851,4,4855
3W,Chevrolet Sales India Pvt Ltd,0,6,0,0,0,0,0,0,0,0,6
2W,China Haochen (Importer: Adms Marketing),0,0,0,0,0,0,0,0,135,154,289
2W,China Haochen (Importer:Slsr Electro),0,0,0,0,0,0,0,0,0,10,10
3W,Chirag Enterprises,0,0,0,19,4,0,0,0,0,0,23
2W,Chongqing Charming (Importer: Ayaan Electronics).,0,0,0,0,0,0,0,0,0,1,1
2W,Chongqing Yu An Group,0,3,0,0,0,0,0,0,0,0,3
3W,Citadel Enterprises(Opc) Pvt Ltd,0,0,0,0,24,26,28,36,28,8,150
3W,Citygreen Auto & Petro Chemicals (P) Ltd,0,0,132,395,429,292,586,827,930,301,3892
3W,Claas India P Ltd,0,0,0,1,0,0,0,0,0,0,1
3W,Clenergy Innovations Pvt Ltd,0,0,0,0,0,0,0,0,0,1,1
3W,Clh Gaseous Fuel Appl Pvt Ltd,4,157,158,37,11,5,0,0,0,0,372
LMV,Clh Gaseous Fuel Appl Pvt Ltd,0,0,0,1,0,0,0,0,0,0,1
LMV,Cnh Industrial (India) Pvt Ltd,0,1,1,0,0,0,0,0,0,0,2
3W,Continental Engines Pvt Ltd,0,0,57,1,1,11,92,571,2749,425,3907
LMV,Continental Engines Pvt Ltd,0,0,0,0,0,0,0,2,0,0,2
3W,Creative Engineerings,0,0,60,7,21,0,0,0,0,0,88
3W,Cyrus Auto Industries Pvt Ltd,0,0,0,0,2,14,7,24,96,37,180
3W,D S Industries,0,0,0,0,11,29,31,46,32,2,151
3W,D S R Automotives (India) Pvt Ltd,0,0,3,0,0,0,0,0,0,0,3
3W,D.K. Motors,0,0,0,0,0,0,0,0,0,5,5
3W,Daewoo Motors India Ltd,0,0,2,0,0,0,0,0,0,0,2
LMV,Daimler Ag,0,0,0,0,0,2,0,0,0,0,2
3W,Daimler India Commercial Vehicles Pvt. Ltd,0,1,1,0,0,0,0,0,0,0,2
3W,Daksh Industries,0,0,0,0,0,30,1125,3225,5925,2871,13176
3W,Dalian Forklift Co.,0,0,0,1,0,0,0,0,0,0,1
2W,Dao Evtech Private Limited,0,0,0,0,0,0,0,102,283,72,457
3W,Dashmesh Mech Works Pvt Ltd,0,1,3,0,0,0,0,0,0,0,4
3W,Dashmesh Traders,0,0,0,75,149,40,55,83,122,73,597
3W,Dave Exim Pvt Ltd,0,0,567,854,1031,387,285,243,311,120,3798
3W,Dd Auto Pvt Ltd,0,136,274,397,222,62,8,13,2,0,1114
3W,De Eusi Motors Pvt Ltd.,0,0,0,0,119,114,345,720,1563,1048,3909
3W,Deep Drawn Technologies,0,0,4,46,12,3,3,4,12,14,98
3W,Deepti Smart Mobility Pvt Ltd,0,0,0,0,1,0,0,0,0,0,1
3W,Delhi Automobiles Ltd,0,0,1,0,0,0,0,0,0,0,1
3W,Delta Autocorp Llp,0,0,12,330,896,1100,755,1334,2466,1246,8139
3W,Deltek Enterprises Pvt Ltd,0,0,0,192,106,5,0,0,8,21,332
3W,Desmoto Electrics Pvt Ltd,0,0,0,0,0,16,30,1,0,0,47
3W,Dev Motors,0,0,0,0,0,0,0,0,0,287,287
3W,Devam Electric Veh P L,1,7,3,0,0,0,0,0,0,0,11
3W,Devam Electric Vehicles Pvt Ltd,0,0,0,4,0,0,0,0,12,83,99
3W,Dhar In Pvt Ltd,0,0,0,0,0,0,0,0,29,26,55
3W,Dhar International,0,0,0,0,163,140,141,104,34,14,596
LMV,Dharmand Trailers,1,0,0,0,0,0,0,0,0,0,1
3W,Dhriti Enterprises,0,0,0,0,0,0,0,0,0,81,81
3W,Diamond E Vehicles,0,0,0,10,2,0,26,303,604,234,1179
LMV,"Diamond Engg,Ctc",0,0,0,1,0,0,0,0,0,0,1
3W,Diligent Mobility Service Pvt Ltd,0,0,0,0,0,0,0,0,0,1,1
3W,Dilip Chhabria Design Pvt Ltd,0,1,0,0,0,1,0,0,0,0,2
2W,Dilli Electric Auto Pvt Ltd,0,0,0,0,0,0,0,2,0,0,2
3W,Dilli Electric Auto Pvt Ltd,16,1573,2205,3404,3954,2541,5361,13987,25071,11832,69944
LMV,Dilli Electric Auto Pvt Ltd,0,2,1,7,2,0,1,2,5,0,20
3W,Divanshu Automobiles Limited,0,14,129,18,10,3,2,0,0,0,176
3W,Divansu Automobiles Ltd,0,3,50,213,96,27,33,142,145,43,752
3W,Divya Automobiles,0,0,0,0,45,3,0,0,0,0,48
3W,Divya Enterprises,0,0,3,126,355,169,416,744,1026,403,3242
MMV,Divya Industries,1,0,0,0,0,0,0,0,0,0,1
3W,Diwa Green Technology Pvt Ltd,0,0,0,10,6,1,2,0,0,0,19
2W,Dongma Vehicle (Importer: Mercury Metals),0,0,0,0,0,0,0,0,11,1,12
3W,Dongma Vehicle (Importer: Mercury Metals),0,0,0,0,0,0,0,0,0,23,23
3W,Dsf Industries Pvt Ltd,0,0,5,22,72,132,17,14,26,1,289
2W,Dsk Motowheels Pvt Ltd.,1,2,0,0,0,0,0,0,0,0,3
3W,Dsr Ev Mobility Pvt Ltd,0,0,0,0,0,0,0,0,3,27,30
3W,Ducati India Pvt Ltd,0,0,0,1,0,0,0,0,0,0,1
3W,Ducati Motor Holding S.P.A,0,0,4,1,0,0,0,0,0,0,5
3W,Duke Auto India,0,0,0,55,271,259,428,610,934,444,3001
3W,Dukemoto Motors Pvt Ltd,0,0,0,0,11,9,0,0,0,0,20
3W,Durable Flanges Pvt Ltd,0,0,0,1,7,17,0,0,0,0,25
2W,Durga Filters Pvt Ltd,0,0,0,0,0,0,0,0,2,0,2
3W,Dynavolt Technology India Ltd,0,0,0,142,48,2,11,11,0,1,215
3W,Dys Impex Private Limited,0,27,777,473,1150,243,121,421,751,495,4458
3W,Dys Impex Pvt Ltd,1,4,130,2,0,1,0,0,0,0,138
2W,E Royce Motors India Pvt Ltd,0,0,0,0,0,0,0,0,5,0,5
3W,E Royce Motors India Pvt Ltd,0,0,0,0,0,0,448,1381,1296,479,3604
3W,Eagle Auto Pearl Pvt,0,0,0,0,0,1,0,0,0,0,1
2W,E-Ashwa Automotive (Hs 2W) Pvt Ltd,0,0,0,0,0,0,0,0,0,1,1
3W,E-Ashwa Automotive Pvt Ltd,0,0,0,0,3,23,74,129,240,86,555
3W,Ebuzz Mobility Llp,0,0,0,0,0,0,0,1,17,16,34
3W,Eco Dynaamic Equipments,0,0,0,0,0,0,19,47,74,55,195
2W,Eco Fuel Systems (I) Pvt Ltd,0,0,0,0,0,20,280,728,595,127,1750
3W,Eco Smart Vehicles Pvt Ltd,0,0,0,115,58,14,154,453,1245,816,2855
2W,Ecobit International(Importer: Jhev Motors),0,0,0,0,0,0,0,0,0,44,44
3W,Eco-Friendly Electric Vehicle Pvt Ltd,0,0,18,61,147,53,9,29,1,165,483
3W,Ecoyan Electric Motor Vehicles Pvt Ltd,0,0,0,0,7,8,8,4,7,0,34
3W,Ecoyan Electric Motors Vehicle Pvt Ltd,0,0,0,0,2,0,0,0,0,0,2
3W,Eddy Current Controls (I) Ltd,0,1,4,0,0,0,0,0,0,0,5
3W,Edmrc Mannschaft Llp,0,0,0,0,16,29,36,49,89,20,239
3W,Eevee Engineering Pvt Ltd,0,0,0,11,13,5,14,20,1,0,64
3W,Efev Charging Solution Pvt Ltd,0,0,0,0,0,0,0,82,526,170,778
3W,E-Guru Auto Energy,0,0,0,0,0,0,0,12,125,202,339
3W,Eicher Motors Ltd,0,0,1,0,0,0,0,0,0,0,1
LMV,Eicher Motors Ltd,0,3,0,0,0,0,0,0,0,0,3
2W,Eicher Polaris Pvt. Ltd.,0,0,0,0,1,0,0,0,0,0,1
LMV,Eicher Tractors,4,2,4,0,0,0,0,0,0,0,10
2W,Eko Vehicle Private Limited,10,0,8,0,0,0,0,0,0,0,18
3W,Eko Vehicle Private Limited,0,1,0,0,0,0,0,0,0,0,1
3W,Electra International,0,0,39,58,23,19,0,0,7,8,154
2W,Electreca Vehicles,0,0,0,0,2,9,40,93,72,40,256
3W,Electreca Vehicles,0,0,0,4,181,29,9,0,0,0,223
2W,Electric Alliance(Importer: Ellysium Automotives),0,0,0,0,0,0,0,0,43,2,45
3W,Electrotech Transmission Pvt Ltd,0,0,0,0,0,0,0,0,1,0,1
2W,Electrotherm (I) Limited,178,136,26,4,0,0,0,0,0,0,344
3W,Electrotherm (I) Limited,44,763,919,147,10,0,0,0,0,0,1883
LMV,Electrotherm (I) Limited,0,1,11,1,0,0,0,0,0,0,13
2W,Electrotherm (India) Limited,0,0,15,48,2,0,0,0,0,0,65
3W,Electrotherm (India) Limited,1,282,627,1184,270,60,35,5,4,0,2468
LMV,Electrotherm (India) Limited,0,0,0,1,0,0,0,0,0,0,1
3W,Elephanta Industries Pvt Ltd,0,0,0,0,53,33,18,49,11,8,172
3W,Elgi Equipments Ltd,0,0,2,0,0,0,0,0,0,0,2
3W,Elite Auto Engineers Pvt Ltd,0,55,50,85,16,75,229,509,1200,934,3153
2W,Elthor Energy Private Limited,0,0,0,0,0,0,402,735,230,82,1449
2W,Emobi Manufactury Private Limited,0,0,0,0,0,0,3,0,0,0,3
3W,E-Motion Automotive Industry Llp,0,0,6,61,11,10,108,367,470,259,1292
3W,Energy Electric Vehicles,0,361,1928,2606,2407,1324,3070,6263,11080,6782,35821
3W,Enginia Vehicles Pvt Ltd,0,0,0,0,0,4,1,0,188,184,377
2W,Engtian Electric Bike Pvt Ltd,0,0,0,0,0,0,0,141,472,237,850
2W,Enigma Automobiles Pvt Ltd,0,0,0,0,0,0,0,0,2,13,15
3W,Entice Impex Pvt Ltd,0,177,200,128,101,131,148,188,587,599,2259
3W,Epower Vehicles Pvt Ltd,0,4,185,181,160,55,62,43,31,6,727
3W,Erisha E Mobility Pvt Ltd,0,0,0,0,0,0,0,0,55,48,103
LMV,Erisha E Mobility Pvt Ltd,0,0,0,0,0,0,0,0,1,1,2
3W,Escort Jcb Ltd,0,1,0,0,0,0,0,0,0,0,1
LMV,Escorts Construction Equipment Ltd,0,4,0,2,0,0,0,0,0,0,6
3W,Escorts Kubota Limited (Agri Machinery Group),0,1,0,0,0,0,0,0,0,0,1
LMV,Escorts Kubota Limited (Agri Machinery Group),0,1,0,0,0,0,1,1,5,0,8
2W,E-Sprinto Green Energy Pvt Ltd,0,0,0,0,0,0,0,0,116,331,447
2W,Essel Energy Infra Pvt Ltd,0,0,0,0,0,0,0,0,0,1,1
3W,Ethiraj Auto Udyog Pvt Ltd,0,0,0,1,0,0,0,0,0,0,1
3W,Etrio Automobiles Pvt Ltd,0,0,0,0,0,0,75,179,80,6,340
LMV,Etrio Automobiles Pvt Ltd,0,0,0,0,0,0,0,1,4,0,5
3W,Euler Motors Pvt Ltd,0,0,0,49,143,63,119,647,2595,2104,5720
LMV,Euler Motors Pvt Ltd,0,0,0,0,0,0,0,7,3,2,12
LMV,Evage Automotive Pvt Ltd,0,0,0,0,0,0,0,3,44,60,107
3W,Evbharat Range Private Limited,0,0,0,0,0,0,0,15,31,18,64
3W,Evco Automobiles Pvt Ltd,0,0,0,0,0,0,0,57,14,327,398
3W,Everve Motors Pvt Ltd,0,0,0,0,0,0,0,0,1,0,1
3W,Evex Auto India Pvt Ltd,0,0,0,1,67,66,134,298,166,36,768
3W,Evolution Autotech,0,0,0,10,3,1,5,2,0,2,23
2W,Evtric Motors Pvt Ltd,0,0,0,0,0,0,0,162,540,123,825
2W,Exerval Pvt Ltd,0,0,0,0,0,0,0,127,83,13,223
3W,Exide Industries Ltd,0,0,0,0,1,274,519,1056,2379,1318,5547
3W,Expo Machinery Ltd,0,1,0,1,0,0,0,0,0,0,2
3W,Extra Fast Solutions,0,0,0,0,0,56,214,401,614,470,1755
3W,Extramile Gas Tech,0,0,0,3,4,6,0,0,0,0,13
3W,Extreme Motors,0,0,49,200,111,12,15,177,218,90,872
3W,Eyug Automobile Pvt Ltd,0,0,0,0,0,0,0,0,0,10,10
3W,Fede Industries Pvt Ltd,0,0,0,0,0,0,0,395,900,496,1791
2W,Fiado Industries Pvt Ltd,0,0,0,0,0,0,0,5,106,58,169
3W,First Choice Electric Vehicles Pvt Ltd,0,0,0,0,0,0,0,268,546,281,1095
3W,Fitwel Mobility Pvt Ltd,0,0,0,0,0,0,1,31,17,2,51
3W,Five Elements,0,6,48,30,15,6,1,23,119,83,331
LMV,Force Motors Limited,0,1,0,0,0,0,0,0,0,0,1
3W,Ford India Pvt Ltd,0,0,0,1,0,0,0,0,0,0,1
LMV,Ford India Pvt Ltd,1,0,0,1,0,0,0,0,0,0,2
3W,Frn Motors Pvt Ltd,0,0,0,0,0,0,0,0,0,6,6
2W,Fstmoto (Importer: Autoicare Innovation),0,0,0,0,0,0,0,0,57,21,78
2W,Fstmoto International (Importer: Tedi (India)),0,0,0,0,0,0,0,0,0,2,2
2W,Fujiyama Power Infra Pvt. Ltd.,0,0,0,0,0,0,0,0,16,4,20
3W,G & G Automotive,0,0,47,457,688,318,447,699,1430,648,4734
LMV,G & G Automotive,0,0,0,1,0,0,0,0,0,0,1
3W,G Williams Fabrications Ltd,0,0,0,44,68,5,1,2,0,0,120
3W,G. M. Vehicle Industries,0,0,0,0,0,0,0,9,3,22,34
3W,G.K E-Vehicls Industries Pvt Ltd,0,0,0,0,0,0,0,0,74,479,553
3W,G.K. Rickshaw,0,0,816,1626,2257,2405,2491,4151,5514,2850,22110
LMV,G.K. Rickshaw,0,0,1,0,0,0,0,0,0,0,1
3W,Gagan Automotives,0,0,0,0,0,0,0,0,383,508,891
LMV,Gaia International (Importer: New Energy Wagon),0,0,0,0,0,0,0,0,1,0,1
3W,Galvanic Auto Pvt Ltd,0,0,0,0,0,0,0,0,188,19,207
LMV,Ganapati Agro Industries,1,0,0,0,0,0,0,0,0,0,1
3W,Garware Motors Limited,0,0,8,0,0,0,0,0,0,0,8
2W,Gaura Electric Vehicles Pvt Ltd,0,0,0,0,0,0,0,0,0,163,163
3W,Gauri Auto India Pvt. Ltd,0,0,0,0,15,7,6,10,1,0,39
3W,Gayam Motor Works Private Limited,0,0,0,0,10,28,63,0,0,0,101
3W,Gayatri Electric Vehicles,0,0,6,117,195,81,428,2048,2950,1053,6878
3W,Gemag Construction Machinary,1,1,3,0,0,0,0,0,0,0,5
3W,General Agencies(Kolkata) Pvt Ltd,0,0,0,0,9,1,0,0,0,0,10
2W,General Motors India Pvt Ltd,3,1,0,0,0,0,0,0,0,0,4
3W,General Motors India Pvt Ltd,0,0,1,0,0,0,0,0,0,0,1
LMV,General Motors India Pvt Ltd,1,0,0,0,0,0,0,0,0,0,1
3W,Geo Alliance,0,0,0,0,1,6,4,0,0,0,11
3W,Gill Agriculture Works,0,0,0,4,0,0,0,0,0,0,4
3W,Gill Agrotech,0,0,0,0,0,0,0,0,1,0,1
3W,Girnar Scooters Ltd,0,1,0,0,0,0,0,0,0,0,1
3W,Gkon Electric Motor Vehicles Pvt Ltd,0,0,207,565,472,238,392,864,711,277,3726
LMV,Gkon Electric Motor Vehicles Pvt Ltd,0,0,0,0,1,0,0,0,0,0,1
2W,Go Green Eot (Energy Of Things) Pvt Ltd,0,0,0,0,0,0,9,7,11,0,27
3W,Gobind Industries Pvt Ltd,0,0,0,0,7,0,0,12,5,10,34
2W,Godawari Electric Motors Pvt Ltd,0,0,0,0,0,0,0,0,128,184,312
3W,Godawari Electric Motors Pvt Ltd,0,0,0,0,0,0,0,0,145,155,300
3W,Godawari Techno Solutions Pvt Ltd,0,0,0,1,93,48,55,86,74,32,389
LMV,Godrej And Boyce Mfg Co Ltd,15,6,15,1,0,0,1,0,2,0,40
3W,Goenka Electric Motor Veh P L,35,195,55,9,0,0,0,0,0,0,294
LMV,Goenka Electric Motor Veh P L,0,1,2,15,0,0,0,0,0,0,18
3W,Goenka Electric Motor Vehicles Pvt Ltd,0,73,348,506,693,787,743,644,462,36,4292
LMV,Goenka Electric Motor Vehicles Pvt Ltd,0,0,0,1,0,0,0,0,0,0,1
2W,Gogoro (Importer: Gogoro India Private Ltd),0,0,0,0,0,0,0,0,71,0,71
2W,Gogoro India Pvt Ltd,0,0,0,0,0,0,0,0,18,115,133
3W,Gold Hofer,0,0,0,0,0,0,0,0,1,0,1
2W,Goldenlion (Importer:Ellysium Automotives Pvt Ltd),0,0,0,0,0,0,0,0,1,1,2
3W,Good Energy India,1,19,36,2,3,0,0,0,0,0,61
3W,Good Will Hi Precision,0,15,21,3,0,1,0,0,0,0,40
3W,Goodenergy India Pvt Ltd,0,97,86,5,0,0,0,0,0,0,188
3W,Goodwill Hi Precision Works Pvt Ltd,0,0,3,59,53,19,10,25,0,0,169
3W,Gopal Agrotech,0,0,1,0,0,0,0,0,0,0,1
3W,Gopal Auto Motors Pvt Ltd,0,0,0,277,262,292,518,1054,1494,939,4836
2W,Goreen E-Mobility Pvt Ltd,0,0,0,0,1,94,1409,5343,3040,952,10839
3W,Gram Tarang Employability Trainning Services P Ltd,0,0,0,0,51,0,21,65,136,11,284
3W,Grd Motors,0,0,0,241,1628,1476,1546,2154,3411,2043,12499
LMV,Great Automotive Limited,0,2,0,0,0,0,0,0,0,0,2
3W,Greaves Cotton Ltd.,0,0,1,0,0,0,0,0,0,0,1
2W,Greaves Electric Mobility Pvt Ltd,0,0,0,0,0,0,0,410,24045,18424,42879
3W,Greaves India Pvt Ltd,0,0,9,0,0,0,0,0,0,0,9
3W,Green Evolve Pvt Ltd,0,0,0,0,0,0,0,69,42,172,283
3W,Green Impex,1,627,650,246,182,25,3,175,442,169,2520
3W,Green Kaiketsu Automative Ind,0,78,175,10,4,6,3,1,0,0,277
3W,Green Kaiketsu Automotive India Pvt Ltd,0,37,146,140,146,27,14,5,0,0,515
3W,Green Shuttle Technology Pvt Ltd,0,0,0,0,18,14,39,36,28,27,162
3W,Green Star Motors,0,0,0,8,0,0,24,15,345,176,568
LMV,Green Star Motors,0,0,0,1,0,0,0,0,0,0,1
3W,Green Tack Empala Electric Motor Company,0,0,0,0,0,0,0,0,46,22,68
3W,Green Technologies,0,0,178,570,543,100,129,43,221,198,1982
3W,Green Valley Motors,0,0,47,220,89,38,13,14,11,4,436
LMV,Green Valley Motors,0,0,0,1,0,0,0,0,0,0,1
3W,Green Way Eco Ride,0,0,1,0,0,1,1,0,3,1,7
3W,Green Wheelz (India),0,0,31,131,15,3,0,0,0,0,180
3W,Green World Motors Pvt Ltd,0,0,0,10,2,0,0,0,0,0,12
3W,Greenetics Industries Pvt Ltd,0,0,1,0,0,0,0,0,116,0,117
3W,Greenfit Industries Llp,0,0,0,0,0,0,0,0,4,168,172
3W,Greentech Auto Llp,0,0,0,8,19,36,6,6,1,7,83
3W,Greenwheels Automobile Pvt Ltd,0,61,170,98,201,129,505,905,872,424,3365
3W,Grg Smart Vehicle Pvt Ltd,0,0,0,0,4,29,4,0,0,0,37
3W,Grindia G Motors Pvt Ltd,0,0,0,0,0,0,0,0,3,2,5
2W,Guangxi Meibao(Importer: Dynamo Electric),0,0,0,0,0,0,0,0,0,4,4
3W,Gujarat Tractor Corp Ltd,0,1,0,0,0,0,0,0,0,0,1
3W,Gurdeep Engineering Works,0,1,8,1,0,0,0,0,0,0,10
3W,Gurjeet Agro Industries,0,1,8,2,0,0,0,0,0,0,11
3W,Guru Ji Wheels,0,0,0,0,0,21,118,117,64,0,320
3W,Gurukirpa Industries,0,0,127,251,383,79,53,57,37,1,988
3W,Gurukirpa Motors,0,0,16,0,0,0,0,0,0,0,16
3W,Gurukrapa Engineering Works,0,0,1,0,0,0,0,0,0,0,1
3W,H. D. Automotives,0,0,0,1,9,0,0,0,0,0,10
2W,H.M.S.I. Pvt. Ltd.,0,3,2,0,0,0,0,0,0,0,5
3W,Haarish Automotives (Opc) Private Limited,0,0,0,77,105,3,2,12,11,0,210
3W,Haitek Automotive Pvt Ltd,0,0,0,0,0,0,0,0,0,60,60
2W,Hampi Tractors,0,1,0,0,0,0,0,0,0,0,1
3W,Hanuman Udyog,0,0,0,0,0,0,0,0,8,68,76
3W,Harjas Agro Industries,0,0,1,0,0,0,0,0,0,0,1
3W,Harsh Trading Co,0,0,67,297,231,73,75,45,34,36,858
3W,Harshvie Industries Pvt Ltd,0,0,0,0,0,0,0,0,2,4,6
2W,Hayasa E-Mobility (India) Pvt Ltd,0,0,0,0,0,0,0,0,4,0,4
3W,Hbss E Mobility Pvt Ltd,0,0,0,0,0,0,0,0,8,16,24
3W,H-D Motor Company India Pvt Ltd,0,0,4,0,0,0,0,0,0,0,4
3W,Hercules Crane Pvt.Ltd.,0,0,145,16,0,0,0,0,0,0,161
2W,Hero Eco Vehicles Pvt Ltd,33,22,17,17,8,0,0,0,0,0,97
3W,Hero Eco Vehicles Pvt Ltd,0,10,1,0,0,0,0,0,0,0,11
2W,Hero Electric Vehicle Pvt Ltd,254,246,164,616,664,593,3058,2538,0,0,8133
3W,Hero Electric Vehicle Pvt Ltd,63,94,42,5,0,0,0,0,0,0,204
LMV,Hero Electric Vehicle Pvt Ltd,0,0,1,0,0,0,0,0,0,0,1
2W,Hero Electric Vehicles Pvt. Ltd,1,34,162,5785,11155,8247,46260,97828,29964,2211,201647
3W,Hero Electric Vehicles Pvt. Ltd,0,0,72,47,15,0,3,1,0,0,138
2W,Hero Honda Motors  Ltd,19,54,4,1,1,0,0,0,0,0,79
2W,Hero Motocorp Ltd,92,157,74,39,33,0,0,182,11142,19479,31198
3W,Hero Motocorp Ltd,0,0,229,62,0,0,0,0,0,0,291
LMV,Hettra Het Trailer,0,1,0,0,0,0,0,0,0,0,1
3W,Him Teknoforge Ltd,0,0,19,46,85,50,151,449,624,321,1745
3W,Hind Agro Industries,0,0,0,1,0,0,0,0,0,0,1
3W,Hindustan Motor Corporation,0,0,0,48,192,177,528,1162,1367,580,4054
LMV,Hindustan Motor Corporation,0,0,0,0,1,0,0,0,0,0,1
2W,Hindustan Motor Finance Corporation Limited,0,1,0,0,0,0,0,0,0,0,1
LMV,Hindustan Motor Finance Corporation Limited,0,0,0,1,0,0,0,0,0,0,1
3W,Hitech  Mechanical Works,0,0,0,6,1,20,28,2,12,4,73
3W,Hitech Electric Auto Co,0,27,14,0,0,0,0,2,0,0,43
3W,Hitech Industries,0,37,62,3,0,0,0,0,0,0,102
3W,Hi-Tech Industries,0,0,253,257,131,37,441,297,122,21,1559
3W,Hitek Electric Auto Co,0,0,87,155,108,7,2,5,0,0,364
3W,Hitek Electric Auto Co.,0,0,2,0,0,0,0,0,0,0,2
3W,Hmt Limited,0,0,1,0,0,0,0,0,0,0,1
2W,Homfeel Vegh Automobiles Pvt Ltd,0,0,0,0,0,0,0,0,6,4,10
2W,Honda Cars India Ltd,134,81,120,4,0,0,0,0,0,0,339
LMV,Honda Cars India Ltd,2,1,0,1,0,0,0,0,0,0,4
2W,Honda Motorcycle And Scooter India (P) Ltd,119,195,36,19,4,0,0,30,0,0,403
LMV,Honda Motorcycle And Scooter India (P) Ltd,0,2,0,0,0,0,0,0,0,0,2
2W,Hongkong Yixing (Importer: Adms Marketing),0,0,0,0,0,0,0,14,84,163,261
2W,Hongkong Yixing (Importer: Victory Electric),0,0,0,0,0,0,0,0,18,3,21
2W,Hooghly Motors Pvt Ltd,0,0,1,0,0,0,0,0,0,0,1
3W,Hooghly Motors Pvt Ltd,0,0,918,1216,1855,689,1091,2599,3741,2783,14892
2W,Hop Electric Mobility Pvt Ltd,0,0,0,0,0,0,0,2,209,163,374
3W,Hop Motors Pvt Ltd,0,0,0,0,20,15,69,217,785,340,1446
3W,Hotage India,0,5,688,1168,856,470,1046,4397,12840,7423,28893
2W,Houstan Innovation Llp,0,0,0,0,0,0,0,33,32,5,70
LMV,Houstan Innovation Llp,0,0,0,0,0,0,0,2,0,0,2
3W,Hovel Cylinder Pvt Ltd,0,152,456,676,238,30,13,21,62,48,1696
2W,Hsu Dragon (Importer: Dark Fight Power Pvt Ltd),0,0,0,0,0,0,0,0,2,1,3
3W,Hunda Ev Pvt Ltd,0,0,0,0,0,0,0,0,125,255,380
3W,Hundal Industries,0,0,0,256,616,292,399,848,1011,562,3984
3W,Hykon India Ltd,0,0,0,0,0,0,159,306,91,17,573
3W,Hyundai Motor India Ltd,0,1,0,0,0,0,0,0,0,0,1
LMV,Hyundai Motor India Ltd,0,5,2,1,233,206,165,619,1606,757,3594
LMV,"Hyundai Motors Ltd, South Korea",0,0,0,0,0,0,0,5,0,1,6
3W,Ideal Jawa India Pvt Ltd,0,0,1,0,0,0,0,0,0,0,1
3W,India Safe Enterprise,0,0,0,0,0,0,0,16,276,241,533
2W,India Yamaha Motor Pvt Ltd,26,31,14,2,0,0,0,0,0,0,73
3W,India Yamaha Motor Pvt Ltd,0,0,36,7,0,0,0,0,0,0,43
3W,Indian Motors,0,0,0,5,52,106,350,1114,2035,1399,5061
3W,Indo Farm Equipment Limited,0,0,1,0,0,0,0,0,0,0,1
2W,Indus Electrotherm India Ltd,13,3,2,0,0,0,0,0,0,0,18
3W,Ins Automobiles Pvt Ltd,0,0,0,0,0,0,0,0,0,272,272
2W,International Cars & Motors Ltd,0,0,1,0,0,0,0,0,0,0,1
3W,International Cars & Motors Ltd,0,0,1,0,0,0,0,0,0,0,1
LMV,International Tractors Limited,0,6,6,2,1,0,0,0,0,0,15
3W,Invvigors India,0,0,0,0,0,0,0,9,96,73,178
2W,Ira Edutech Pvt Ltd,0,0,0,0,0,38,78,98,19,6,239
3W,Isukii Greens Pvt Ltd,0,0,0,0,0,0,0,0,65,14,79
2W,Isuzu Motor India Pvt Ltd,1,0,0,0,0,0,0,0,0,0,1
2W,Ivoomi Innovation Pvt Ltd,0,0,0,0,0,0,0,627,2154,668,3449
2W,Izanau Electric Llp,0,0,0,0,0,0,0,32,51,13,96
3W,J P Auto Tech,0,0,0,17,6,8,50,82,80,30,273
3W,J S Agro Industries,0,0,0,1,1,0,0,0,0,0,2
3W,J S Mobileon Pvt Ltd,0,248,43,0,10,0,0,6,7,0,314
3W,J. S. Auto (P) Ltd,0,95,2652,2921,2314,1260,3075,6947,11165,6278,36707
3W,J.S.Auto Pvt Ltd (Kanpur),0,0,2,3,1,0,0,0,0,0,6
3W,Jade Korea Spine Life,0,0,0,69,74,53,67,20,113,24,420
3W,Jaguar Land Rover India Limited,0,0,43,6,0,0,0,0,0,0,49
LMV,Jaguar Land Rover India Limited,0,0,0,0,0,0,27,40,9,4,80
LMV,Jai Ambe Fabrication & Engineering Work,1,0,0,0,0,0,0,0,0,0,1
LMV,Jai Bhavani Engineering  Works,0,0,0,0,0,0,0,1,0,0,1
3W,Jai Sri Ram Electric Vehicle Manufacturing Pvt Ltd,0,0,0,0,0,0,0,0,165,108,273
3W,Jaidka Power Systems Pvt Ltd,0,0,0,157,414,249,180,636,163,61,1860
LMV,Jaidka Power Systems Pvt Ltd,0,0,0,0,0,0,0,1,0,0,1
3W,Jain Power Corp,0,0,0,39,80,28,33,64,143,58,445
LMV,Jain Power Corp,0,0,0,0,0,0,0,0,0,1,1
3W,Jaisik Business Links Pvt Ltd,0,0,0,0,0,0,176,224,600,287,1287
3W,Jaiswal Industries,0,0,8,0,0,0,0,0,0,0,8
3W,Jajodia Commodities Pvt Ltd,0,0,131,779,633,660,224,396,950,770,4543
3W,Jal Enterprises,0,0,0,0,0,0,0,0,38,2,40
LMV,Janani Trailers,1,0,0,0,0,0,0,0,0,0,1
3W,Jay Ace Technologies Ltd,0,36,88,26,2,1,0,0,0,0,153
LMV,Jay Ambe Agriculture,0,1,0,0,0,0,0,0,0,0,1
3W,Jaya Automotives Pvt Ltd,0,3,23,0,0,0,0,0,0,0,26
LMV,Jayanti Agro Centres,1,0,0,0,0,0,0,0,0,0,1
3W,Jayati Tools,0,0,0,0,0,0,0,0,0,5,5
3W,Jaydev Enterprise,0,0,0,55,248,95,42,23,6,0,469
LMV,Jayem Automotives Pvt Ltd,0,0,0,0,19,42,49,0,0,0,110
3W,Jayna Automobiles Llp,0,0,0,0,0,0,0,0,0,5,5
3W,Jcb India Ltd,0,0,37,9,0,0,0,0,0,0,46
LMV,Jeeva Trailers,0,0,1,0,0,0,0,0,0,0,1
2W,Jeevaa E-Bike Mfg Pvt Ltd,0,0,0,0,0,0,0,0,0,1,1
3W,Jemco Engineering Pvt Ltd,0,0,0,3,0,0,0,0,0,0,3
3W,Jessun Techno Pvt Ltd,0,0,0,174,362,43,84,155,208,101,1127
2W,Jiangsu Aima (Importer: Future Ev),0,0,0,0,0,0,0,0,8,40,48
2W,Jiangsu Aima (Importer: Quantum Energy),0,0,0,0,0,0,0,31,454,13,498
2W,Jiangsu Dalong (Importer: Engtian Electric),0,0,0,0,0,0,0,0,11,4,15
2W,Jiangsu Dalong (Importer: Kingche Mobility),0,0,0,0,0,0,0,0,20,7,27
2W,Jiangsu Dalong (Importer: Rilox Ev Pvt Ltd),0,0,0,0,0,0,0,0,2,0,2
2W,Jiangsu Dalong (Importer: Saboo Tor),0,0,0,0,0,0,0,0,22,24,46
2W,Jiangsu Dalong (Importer:Tylos Electric Vehicles),0,0,0,0,0,0,0,0,50,10,60
2W,Jiangsu Dalong Jianhao (Importer: Green India),0,0,0,0,0,0,0,0,1,0,1
2W,Jiangsu Guowei (Importer: Reveal Electric),0,0,0,0,0,0,0,0,31,10,41
2W,Jiangsu Guowei (Importer:Electro-Tech),0,0,0,0,0,0,0,0,0,7,7
3W,Jiangsu Jinpeng (Importer: Kkl Hitech Ev),0,0,0,0,0,0,0,0,10,16,26
2W,Jiangsu Sunhou (Importer: Saboo Tor),0,0,0,0,0,0,0,1,10,2,13
2W,Jiangsu Xinri (Importer: Nisiki Technologies),0,0,0,0,0,0,0,12,3,2,17
2W,Jiangsu Xinri E-Vehicle(Importer Swift Cur.Tech.),0,0,0,0,0,0,2,41,85,11,139
2W,Jiangsu Zheenaida (Importer: Klb Global),0,0,0,0,0,0,0,496,799,121,1416
3W,Jijo Electric Wheels Pvt Ltd,0,137,442,471,184,6,0,0,0,0,1240
3W,Jindal Electric Vehicles,0,0,0,3,37,3,0,0,0,0,43
2W,Jitendra New Ev-Tech Pvt. Ltd,0,0,0,0,46,454,1967,9553,2617,687,15324
3W,Jitendra New Ev-Tech Pvt. Ltd,0,0,0,1,2,32,75,66,34,5,215
LMV,Jitendra New Ev-Tech Pvt. Ltd,0,0,0,3,1,0,0,0,0,0,4
3W,Jitendra Tempo Parts,0,0,0,0,34,89,601,680,740,348,2492
3W,Jmt Vehicles Pvt Ltd,0,0,0,0,0,0,0,0,1077,1383,2460
LMV,John Deere India  Pvt Ltd(Tractor Devision),0,1,3,2,0,0,0,0,0,0,6
3W,Joyram Steel Fabrication Works,0,0,0,0,0,1,5,3,14,3,26
3W,Js Mobileon Pvt Ltd,0,0,146,283,208,43,115,306,950,678,2729
3W,Jss Engineering Company,0,0,0,0,5,0,0,0,0,0,5
2W,Juneng Motorcycle (Importer: Adms Marketing),0,0,0,0,0,0,0,9,52,37,98
2W,Juneng Motorcycle (Importer: Iscoot Moters),0,0,0,0,0,0,0,37,212,102,351
2W,Juneng Motorcycle (Importer: Jhev Motors Pvt Ltd),0,0,0,0,0,0,0,0,0,52,52
2W,Juneng Motorcycle Tech. (Importer: Delta Autocorp),0,0,0,0,0,0,0,0,22,23,45
LMV,Jungheinrich Ag And Co,0,0,2,0,0,0,0,0,0,0,2
3W,Juno Castings Pvt Ltd,0,9,79,238,79,6,0,0,0,0,411
LMV,Juno Castings Pvt Ltd,0,0,0,1,0,0,0,0,0,0,1
2W,K M Motors,0,0,0,0,1,0,0,0,0,0,1
3W,K T Enterprises,0,0,0,52,143,57,129,292,156,93,922
3W,K. S. Industries,0,0,0,0,0,0,0,0,0,8,8
3W,K. V. Industries,0,0,0,0,26,19,10,12,38,19,124
2W,Kabira Mobility Llp,0,0,0,0,0,0,5,107,165,27,304
3W,Kabmax Electric Automobiles Pvt. Ltd,0,0,6,62,40,66,78,263,479,189,1183
3W,Kadeseetla Aashirwad Gp Industries Pvt Ltd,0,0,0,0,0,0,0,0,8,4,12
2W,Kaining (Hongkong) (Importer: Energy Automobile),0,0,0,0,0,0,0,0,7,10,17
2W,Kaining (Hongkong) (Importer: Enigma Automobiles),0,0,0,0,0,0,0,0,51,12,63
2W,Kaining (Hongkong) (Importer: Toxmo Electric),0,0,0,0,0,0,0,0,5,2,7
2W,Kaining (Hongkong) (Importer: Volta Ev Pvt Ltd),0,0,0,0,0,0,0,0,0,3,3
2W,Kaining (Hongkong) (Importer:M/S Izanau Electric),0,0,0,0,0,0,0,0,11,17,28
3W,Kakkar Electric Auto Pvt Ltd,0,0,0,0,0,0,0,0,0,93,93
3W,Kalika Vahan Pvt Ltd,0,0,0,55,55,39,17,2,2,0,170
3W,Kalinga Ventures Ind P,0,0,25,5,5,0,0,0,0,0,35
3W,Kalinga Ventures India Pvt Ltd,0,0,20,96,250,96,31,110,139,9,751
LMV,Kalinga Ventures India Pvt Ltd,0,0,1,58,7,0,0,0,0,0,66
3W,Kalpvriksh Electomobiles Co,0,0,0,1,74,70,83,136,288,211,863
3W,Kamaz Industries,0,0,0,6,5,30,9,61,122,42,275
3W,Kanha Electric Vehicles,0,0,0,0,0,0,0,0,0,33,33
3W,Kanifa Automotive Pvt Ltd,0,0,0,0,2,78,1,0,0,0,81
3W,Kaptech India Pvt Ltd,0,0,0,205,657,357,888,1433,1846,1242,6628
3W,Karnataka Scooters Ltd,0,0,19,0,0,0,0,0,0,0,19
3W,Kartar Agro Engineers Pvt Ltd,0,0,0,1,0,0,0,0,0,0,1
3W,Kartar Agro Industries Pvt Ltd,0,0,1,0,0,0,0,0,0,0,1
LMV,Karumalaian Agro Industry,3,0,0,0,0,0,0,0,0,0,3
MMV,Karumalaian Agro Industry,1,0,0,0,0,0,0,0,0,0,1
3W,Katyayani Automotive,0,0,0,0,0,0,0,0,0,2,2
3W,Kayamel Machine Private Ltd,0,0,2,0,0,0,0,0,0,0,2
3W,Kcas Electric Vehicles Pvt Ltd,0,0,0,0,0,0,0,47,197,105,349
3W,Kelvinator India Ltd,0,0,3,1,0,0,0,0,0,0,4
3W,Kerala Automobiles Limited,0,0,0,0,0,36,73,32,74,87,302
3W,Keto Motors Pvt Ltd,0,0,0,0,0,0,190,130,224,364,908
LMV,Keto Motors Pvt Ltd,0,0,0,0,0,0,1,0,0,0,1
3W,Ketron Electric Vehicles Pvt Ltd,0,0,0,0,0,0,0,0,0,1,1
3W,Kgn,0,0,0,0,38,72,76,321,339,170,1016
3W,Kgn Industries,0,0,0,0,16,8,0,47,405,522,998
LMV,Kgn Industries,0,0,0,1,0,0,0,0,0,0,1
3W,Khalsa  Agro Industries,0,0,429,11,0,21,7,31,3,0,502
3W,Khalsa E-Vehicles Pvt Ltd,0,0,129,1299,1233,607,1214,3712,8478,5591,22263
3W,Khan Engineering Works,0,0,1,0,0,0,0,0,0,0,1
3W,Khemraj Automotive Industries,0,48,352,177,46,13,7,2,0,0,645
LMV,Kia India Private Limited,0,0,0,0,0,0,0,215,438,172,825
2W,Kinetic Green Energy & Power Solutions Ltd,0,0,0,0,0,0,0,2085,7779,7515,17379
3W,Kinetic Green Energy & Power Solutions Ltd,0,12,383,1374,1463,669,835,2704,4648,1756,13844
LMV,Kinetic Green Energy & Power Solutions Ltd,0,0,0,3,1,0,840,8,1,30,883
3W,Kinetic Green Energy P Sol Ltd,29,2005,880,68,43,38,136,316,58,0,3573
3W,Kinetic Motor Company Limited,3,250,678,13,0,0,0,0,0,0,944
LMV,Kion India Pvt Ltd,2,3,4,0,0,0,0,4,0,0,13
MMV,Kion India Pvt Ltd,0,2,0,0,0,0,0,0,0,0,2
3W,Kiran Automobile Industry,0,0,0,0,0,0,0,10,81,77,168
3W,Kirti Solar Ltd,0,8,44,287,266,304,391,101,19,7,1427
LMV,Kisan Agro Industries,2,1,0,0,0,0,0,0,0,0,3
2W,Klb Komaki Pvt Ltd,0,0,0,0,0,0,1175,3487,4173,1889,10724
3W,Klb Komaki Pvt Ltd,0,0,0,77,80,47,34,9,4,192,443
LMV,Klb Komaki Pvt Ltd,0,0,0,0,0,0,0,0,0,1,1
3W,Knight Queen Industries Pv Ltd,8,15,1,0,0,0,0,0,0,0,24
3W,Knight Queen Industries Pvt Ltd,0,3,10,4,0,0,0,0,0,0,17
3W,Kpt Industries Ltd,0,0,0,14,3,3,4,9,11,3,47
3W,Kpt Motors,0,0,0,0,0,0,0,15,81,26,122
3W,Kranti Automobiles Limited,0,0,9,0,0,0,0,0,0,0,9
3W,Kranti Automobiles Ltd,0,0,0,1,21,27,5,3,0,0,57
3W,Kranti International,0,0,0,10,6,0,0,0,0,0,16
3W,Krishi Engineering Works,0,0,0,1,0,0,0,0,0,0,1
3W,Krishna Engineering,0,5,6,0,0,0,0,0,0,0,11
3W,Krishna Engineering Works,0,8,168,394,419,220,530,684,904,748,4075
LMV,Krishna Engineering Works,0,0,0,2,0,0,0,0,0,0,2
3W,Krishna Industries,0,0,1,0,28,39,37,41,5,0,151
3W,Krishna Vehicals,0,0,0,125,127,40,25,162,335,91,905
2W,Krt Motors Pvt Ltd,1,0,0,0,0,0,0,0,0,0,1
LMV,Kubota Agricultural Machinery India Pvt.Ltd.,1,0,0,0,0,0,0,0,0,0,1
3W,Kuku Automotives,39,190,421,348,307,207,203,338,569,189,2811
LMV,Kuku Automotives,0,0,0,0,0,0,0,0,1,0,1
3W,Kumar Engineering,0,0,0,0,0,0,314,1317,2469,1100,5200
3W,Kumar Motors Pvt Ltd,0,1,3,0,0,0,0,0,0,0,4
3W,Kumaran Engineering Enterprises,0,0,0,0,0,0,0,0,244,15,259
2W,Kyte Energy Pvt. Ltd.,0,0,0,0,0,0,0,18,540,218,776
3W,L & T Case Equipment Pvt Ltd,0,0,1,0,0,0,0,0,0,0,1
LMV,Lakshmi Agro Industries,6,1,1,0,0,0,0,0,0,0,8
3W,Lakshmi Auto Traders,0,0,0,0,0,0,0,0,15,0,15
3W,Lakshya Auto Sales Corporation,0,0,0,0,24,14,33,85,240,168,564
3W,Lakshya Motors,0,0,0,0,13,0,3,9,0,10,35
3W,Lala G E Rickshaw And Spare Parts,0,0,0,0,0,0,0,0,0,45,45
3W,Launcher Material Handling Industries,0,0,0,2,2,0,0,0,0,0,4
3W,Lawat Motors,0,0,60,0,1,1,0,0,1,0,63
3W,Lawat Motors Llp,0,0,0,144,302,153,301,396,358,264,1918
LMV,Lawat Motors Llp,0,0,0,0,1,0,0,0,0,0,1
3W,Laxmi E-Rickshaw Company,0,0,0,16,35,11,18,7,0,0,87
2W,Lectrix Ev Pvt Ltd,0,0,0,0,0,0,0,2350,6203,2661,11214
3W,Lectrix Ev Pvt Ltd,0,0,0,0,0,7,876,4646,7288,3785,16602
LMV,Lectrix Ev Pvt Ltd,0,0,0,0,0,0,0,0,4,1,5
3W,Leopan Motors Private Limited,0,0,0,0,0,0,0,0,13,4,17
2W,Li-Ions Elektrik Solutions Pvt Ltd,0,0,0,0,0,40,5,0,5,0,50
2W,Lima Vehicle Group(Importer: Route & Mars Ev Llp),0,0,0,0,0,0,0,0,0,2,2
3W,Lionize Automobile Pvt Ltd,0,0,0,0,0,0,0,0,0,194,194
LMV,Liugong India Pvt. Ltd,0,0,0,0,1,0,0,9,0,0,10
MMV,Liugong India Pvt. Ltd,0,0,0,1,0,0,0,0,0,0,1
2W,Lml Limited,0,0,10,0,0,0,0,0,0,0,10
3W,Lml Limited,0,22,38,3,0,0,0,0,0,0,63
LMV,Lmv Ltd,2,0,1,0,0,0,0,0,0,0,3
3W,Local Trailer Manufacturer,0,0,0,0,0,0,0,0,11,0,11
LMV,Local Trailer Manufacturer,0,0,0,0,0,0,1,0,0,0,1
2W,Log 9 Materials Scientific Pvt Ltd,0,0,0,0,0,0,21,0,0,0,21
2W,Lohia Auto Industries,0,0,1,0,0,0,0,0,0,0,1
3W,Lohia Auto Industries,5,133,184,666,714,377,511,1523,1644,770,6527
LMV,Lohia Auto Industries,0,0,0,5,0,0,0,0,0,0,5
3W,Lohia Auto Industries Ltd.,0,400,420,165,94,54,30,185,20,0,1368
3W,Lords Vehicle Mfg Pvt Ltd,0,0,0,0,0,3,65,114,186,50,418
3W,Lotey Agro Industry,0,441,4,3,0,0,0,0,0,0,448
3W,Lotia  Motors  Ltd,0,0,8,1,0,0,0,0,0,0,9
3W,Lucky Industries,0,0,0,0,0,0,0,0,38,88,126
3W,M G Industries,0,0,0,11,65,41,5,64,145,53,384
LMV,M G Industries,0,0,0,0,1,0,0,0,0,0,1
3W,M K Brothers,0,0,0,0,1,2,0,0,2,12,17
3W,M K Enterprises,0,210,169,16,1,0,0,0,0,0,396
LMV,M.G.P Engineering Works,0,2,0,0,0,0,0,0,0,0,2
3W,M.K. Enterprises,0,131,408,487,210,194,305,477,1097,657,3966
LMV,M.K. Enterprises,0,0,0,0,0,0,1,0,0,0,1
3W,M/S Champion Poly Plast,877,3089,386,66,0,2,0,0,0,0,4420
LMV,M/S Champion Poly Plast,0,2,2,11,0,0,0,0,0,0,15
3W,M/S Hovel Cylinder Pvt Ltd,0,84,420,45,0,0,0,0,0,0,549
LMV,M/S Hovel Cylinder Pvt Ltd,0,0,11,1,0,0,0,0,0,0,12
3W,M/S Jasraj Auto Agency,0,0,0,0,0,0,0,17,0,0,17
LMV,"M/S Patel & Sons Engineering Works,Sambalpur",0,0,0,0,0,0,0,0,0,1,1
3W,M/S Shriram Auto Tech Pvt Ltd,0,626,2227,2250,1614,692,787,2205,3637,1852,15890
LMV,M/S Shriram Auto Tech Pvt Ltd,0,0,1,18,1,0,0,0,0,0,20
3W,M/S Srishti Automobiles,0,0,3,0,0,0,0,2,0,0,5
3W,"M/S Subham Engineering Workshop, Baliapal, Balasore",0,0,1,0,0,0,0,0,0,0,1
3W,M/S Trishika Industries,0,0,0,0,0,0,3,0,0,0,3
2W,M/S Unity Motor Body,0,0,0,0,0,1,0,0,0,0,1
2W,M/S Vishnu Clean Energy Vehicles Llp,0,0,0,0,0,0,0,3,0,0,3
3W,M/S Vishnu Clean Energy Vehicles Llp,0,0,0,0,0,0,0,8,7,35,50
LMV,M/S Vishnu Clean Energy Vehicles Llp,0,0,0,0,0,0,0,0,0,3,3
3W,M/S. Dave Exim (P) Ltd.,0,0,28,0,1,0,0,0,0,0,29
2W,M2Go Electric Vehicle Pvt Ltd,0,0,0,0,0,19,38,4,2,0,63
3W,M2J E Vahan Pvt Ltd,0,0,0,0,17,54,105,50,0,8,234
3W,Maa Durga Electric Motor Vehicle Pvt Ltd,0,0,0,0,0,0,0,0,0,11,11
3W,Maa Kalpana Enterprise,0,0,0,0,0,0,11,17,153,230,411
2W,Maa Luxmi E-Vehicles Pvt. Ltd.,0,0,0,0,0,0,0,18,4,0,22
3W,Maa Shakti Exim Pvt Ltd,23,982,1196,2033,1988,881,1804,2865,2571,1373,15716
LMV,Maa Shakti Exim Pvt Ltd,0,0,0,1,0,0,0,0,0,0,1
3W,Mac Auto India,0,0,147,431,537,248,289,469,564,401,3086
LMV,Mac Auto India,0,0,0,1,0,0,0,0,0,0,1
2W,Mac International (Importer: Jhev Motors Pvt Ltd),0,0,0,0,0,0,0,0,1,27,28
2W,Mac International (Importer:Honesty),0,0,0,0,0,0,0,0,1,1,2
3W,Macneill Engg Ltd,0,0,2,0,0,0,0,0,0,0,2
LMV,Macneill Engg Ltd,2,2,0,0,0,0,6,0,0,0,10
LMV,Macneill Engineering Limited,0,0,0,0,0,0,0,1,2,0,3
LMV,Mahalinga Engg. Industries,3,0,0,0,0,0,0,0,0,0,3
2W,Maharastra Scooter Limited,1,0,0,0,0,0,0,0,0,0,1
3W,Mahi Enterprises,0,0,0,22,32,8,13,80,60,1,216
LMV,Mahi Enterprises,0,0,0,1,0,0,0,0,0,0,1
2W,Mahindra & Mahindra Limited,4,1,0,1,0,0,0,0,0,0,6
3W,Mahindra & Mahindra Limited,2,35,242,4150,6725,4564,3860,13558,37942,1331,72409
LMV,Mahindra & Mahindra Limited,254,344,443,974,687,419,115,333,4505,4305,12379
LMV,Mahindra & Mahindra Limited (Swaraj Division),0,1,0,1,0,0,0,0,0,0,2
3W,Mahindra & Mahindra Limited (Tractor),0,0,33,3,0,0,0,0,0,0,36
2W,Mahindra Electric Mobility Limited,0,0,0,1,0,0,0,0,0,0,1
3W,Mahindra Electric Mobility Limited,0,0,51,35,1786,3219,6711,15931,4949,57,32739
LMV,Mahindra Electric Mobility Limited,462,306,499,461,99,35,82,66,56,1,2067
3W,Mahindra Gujarat Tractor Limited,0,1,0,0,0,0,0,0,0,0,1
3W,Mahindra Last Mile Mobility Ltd,0,0,0,0,0,0,0,0,11733,34331,46064
LMV,Mahindra Last Mile Mobility Ltd,0,0,0,0,0,0,0,0,40,430,470
3W,Mahindra Navistar  Automotives Ltd,0,0,19,6,0,0,0,0,0,0,25
3W,Mahindra Nissan Allwyn Ltd.,0,3,0,0,0,0,0,0,0,0,3
LMV,Mahindra Renault Pvt.Ltd.,2,0,0,1,0,0,0,0,0,0,3
2W,Mahindra Two Wheelers Ltd,5,14,0,0,0,0,0,0,0,0,19
LMV,Mahindra Two Wheelers Ltd,0,0,2,0,0,0,0,0,0,0,2
LMV,Mahindra Vehicle Manufacturer Limited,1,0,0,0,0,0,0,0,0,0,1
3W,Mahtab Body Maker,0,0,0,0,0,0,7,186,778,590,1561
3W,Malak Techno Pvt Ltd,0,0,0,0,0,0,0,0,52,50,102
3W,Malhotra  Vehicle Manufacturing Pvt Ltd,0,0,35,47,6,0,0,0,0,0,88
3W,Mali Enterprises Pvt Ltd,0,0,0,107,499,103,84,133,10,2,938
3W,Man Trucks India Pvt. Ltd.,0,0,14,0,0,0,0,0,0,0,14
3W,Maniram Electric Vehicle Pvt Ltd,0,0,0,16,52,19,0,0,299,766,1152
3W,Manish Ev International Private Limited,0,0,0,0,0,0,28,173,433,195,829
3W,Manita City Motors Llp,0,0,0,8,167,162,396,854,1810,1280,4677
LMV,Manita City Motors Llp,0,0,0,0,0,1,0,0,0,0,1
3W,Manmohan Kaur,0,0,0,0,54,25,6,39,64,65,253
3W,Marine Navaids & Solar Auto Pvt Ltd,0,0,0,0,0,4,2,14,4,0,24
3W,Markus,0,0,0,0,0,0,0,2,27,35,64
2W,Maruthisan Pvt Ltd,0,0,0,0,0,0,0,84,147,90,321
LMV,Maruti Suzuki India Ltd,8,11,8,2,1,0,0,0,0,0,30
2W,Mauliraj Industries Llp,0,0,0,0,0,0,0,0,1,1,2
3W,Maxi Cab,1,0,0,0,0,0,0,0,0,0,1
3W,"Mayur Enterprises,Baripada",0,0,3,0,15,1,0,0,0,0,19
2W,Mecpower Mobility Pvt. Ltd.,0,0,0,0,0,0,0,0,128,154,282
LMV,Megha Trailers,1,0,0,0,0,0,0,0,0,0,1
LMV,Mercedes -Benz Ag,0,0,0,0,0,10,26,60,322,316,734
LMV,Mercedes-Benz India Pvt Ltd,0,0,0,0,0,0,0,94,193,112,399
2W,Mew Electricals Limited,0,0,0,0,0,57,1842,3215,195,6,5315
3W,Mg Motor India Pvt Ltd,0,0,1,0,0,0,0,0,0,0,1
LMV,Mg Motor India Pvt Ltd,0,0,0,0,7,772,2384,3430,9520,7229,23342
2W,Microautotech Pvt. Ltd.,0,0,0,0,0,0,0,0,2,2,4
2W,Microcon I2I Pvt Ltd,0,0,0,0,0,0,94,0,0,0,94
3W,Millennial Motors Llp,0,0,0,0,0,0,0,0,7,10,17
3W,Mini Metro,6,681,1695,148,87,94,221,362,97,0,3391
2W,Mini Metro Ev L.L.P,0,0,0,0,0,0,0,1,0,0,1
3W,Mini Metro Ev L.L.P,0,125,599,2513,2265,1754,3447,10487,15962,7092,44244
LMV,Mini Metro Ev L.L.P,0,0,0,1,0,2,0,1,1,0,5
2W,Mirakle 5 Automobiles Pvt Ltd,0,0,0,0,0,0,0,18,102,12,132
3W,Mithu Bajrang Eng.Works,0,0,1,0,0,0,0,0,0,0,1
3W,Mlr Auto Ltd,0,0,0,0,0,5,35,23,70,143,276
LMV,Mlr Auto Ltd,0,0,0,0,0,0,0,0,0,13,13
2W,Modika International (Importer: Franklin Ev),0,0,0,0,0,0,0,0,19,30,49
3W,Mohan General Trading Company,0,0,0,17,56,77,39,26,43,31,289
3W,Momu Automotive,0,0,0,0,0,0,0,0,0,210,210
3W,Mondal Trading,0,0,0,0,0,61,68,2,77,38,246
3W,Motor & General Sales Ltd.,0,0,3,0,0,0,0,0,0,0,3
3W,Motor & General Sales Pvt Ltd,0,0,0,102,33,1,0,0,0,0,136
LMV,Motor & General Sales Pvt Ltd,0,0,0,0,1,0,0,0,0,0,1
LMV,Motoroyale Kinetic Private Limited,0,0,0,0,0,0,0,8,0,0,8
2W,Motovolt Mobility Pvt Ltd,0,0,0,0,0,0,0,0,0,14,14
3W,Motrac Motors Pvt Ltd,0,0,0,128,132,100,111,23,0,0,494
3W,Move Stone Services Pvt Ltd,0,0,0,0,0,0,0,825,2965,2297,6087
LMV,Msi Industries,2,0,0,0,0,0,0,0,0,0,2
3W,Multi Dimensional Solutions,0,0,0,5,18,7,10,10,0,0,50
3W,Munde Mechanical Works,0,0,17,0,0,0,0,0,0,0,17
LMV,Muthur Agro Engineering Works,1,0,0,0,0,0,0,0,0,0,1
3W,Mvm Motors Private Limited,0,0,0,0,0,0,0,1,0,5,6
3W,N0Va Automotive Technologies Pvt. Ltd,0,0,0,291,232,100,288,1723,4925,2796,10355
3W,Nabh Motors Pvt Ltd,0,29,79,86,48,6,5,12,0,0,265
3W,Namah Industries Pvt Ltd,0,0,0,6,91,38,9,4,5,153,306
3W,Nand Electric Motor Vehicle Pvt Ltd,0,0,6,13,30,0,0,0,3,0,52
3W,Nannhray Agirculture Works,0,0,31,6,0,0,0,0,0,0,37
3W,Nanya Airconn Pvt Ltd,0,0,14,7,1,0,0,0,0,0,22
3W,Naraindass And Sons,0,0,0,34,12,1,0,0,4,11,62
3W,Nb Turned  Components Pvt Ltd,0,0,31,29,13,0,2,0,0,0,75
LMV,Nb Turned  Components Pvt Ltd,0,0,0,1,0,0,0,0,0,0,1
3W,Nbc Engineering Pvt Ltd,0,0,0,0,0,0,0,4,0,0,4
2W,Nds Eco Motors Pvt Ltd,0,0,0,48,648,146,96,28,7,2,975
3W,Needle Eye Plastic Industries Pvt Ltd,0,42,516,573,267,148,354,542,667,357,3466
LMV,Needle Eye Plastic Industries Pvt Ltd,0,10,17,5,0,0,0,0,0,0,32
3W,Neelam Agro Equip,0,0,0,1,0,0,0,0,0,0,1
3W,Neelam Cycle,0,0,0,0,0,0,0,8,42,21,71
3W,Neuon Motors Llp,0,0,0,0,0,0,0,0,45,54,99
3W,New Arcana India,9,125,224,361,732,316,602,1331,1253,502,5455
3W,New Chawla Industries,0,0,0,0,0,0,0,0,0,67,67
3W,New Holland Construction Equipment(I) Pvt.Ltd.,0,0,8,3,0,0,0,0,0,0,11
LMV,New Marthwada Quality Trailor,0,0,0,1,0,0,0,0,0,0,1
3W,Newton India Industries Pvt Ltd,0,0,0,0,0,0,12,9,5,0,26
2W,Nexzu Mobility Pvt Ltd,0,0,0,0,370,96,16,0,0,0,482
3W,Nexzu Mobility Pvt Ltd,0,0,0,1,0,0,0,0,0,0,1
3W,Ngage Impex Pvt Ltd,0,0,0,0,0,0,1,0,0,0,1
3W,Ngage Wheel Pvt Ltd,0,0,0,0,38,21,7,8,40,10,124
3W,Nhd Motors,0,0,0,125,161,179,265,289,326,202,1547
3W,Nibe Motors Pvt Ltd,0,0,0,0,15,4,1,19,19,0,58
2W,Nic Test Account-1,0,3,6,10,0,0,0,0,0,0,19
3W,Nic Test Account-1,51,891,2889,568,2,0,0,0,0,0,4401
LMV,Nic Test Account-1,0,3,369,0,0,0,0,0,0,0,372
3W,Nicolas Industries,0,0,1,0,0,0,0,0,0,0,1
3W,Nikhil Furnitures,0,1,76,205,31,7,0,0,0,0,320
2W,Ningbo Sanjiang (Importer: Vabro Evtech),0,0,0,0,0,0,0,0,0,28,28
3W,Nipun Sanyantra Pvt Ltd,0,0,0,1,17,11,290,569,439,138,1465
3W,Nirmal Utility Services Pvt Ltd,0,0,2,128,158,48,43,77,22,7,485
2W,Nisiki Technologies Pvt Ltd,0,0,0,0,0,0,12,167,164,23,366
3W,Nissan Motor India Pvt Ltd,0,408,2,0,0,0,0,0,0,0,410
LMV,Nissan Motor India Pvt Ltd,0,2,4,0,1,0,0,3,0,0,10
3W,Nrj Electric Motor Vehicles Pvt Ltd,0,0,0,102,468,295,760,1563,2650,2110,7948
2W,Numeros Motors Pvt Ltd,0,0,0,0,0,0,0,335,473,150,958
2W,Oben Electric Vehicles Pvt Ltd,0,0,0,0,0,0,0,0,50,217,267
3W,Oculus Auto Industries Llp,0,0,0,0,0,0,0,0,2,3,5
2W,Odysse Electric Vehicles Pvt Ltd,0,0,0,0,0,4,81,313,210,39,647
3W,Ogata Motors India Pvt Ltd,0,0,0,0,87,207,168,160,157,47,826
3W,Ok Play India Ltd,0,9,336,468,130,64,6,63,125,81,1282
LMV,Ok Play India Ltd,0,0,0,0,7,0,0,0,0,0,7
2W,Oka Motor Company Ltd.,0,0,0,2,0,0,0,0,0,0,2
2W,Okaya Ev Pvt Ltd,0,0,0,0,0,0,0,8913,15816,4387,29116
2W,Okinawa Autotech Pvt Ltd,0,1,331,8452,11850,5754,30659,103620,31616,3893,196176
3W,Okinawa Autotech Pvt Ltd,0,0,0,0,0,3,0,0,1,0,4
LMV,Okinawa Autotech Pvt Ltd,0,0,0,1,1,0,0,0,0,0,2
2W,Ola Electric Technologies Pvt Ltd,0,0,0,0,0,0,240,109398,267355,211273,588266
LMV,Olectra Greentech Ltd,0,0,0,0,0,0,1,0,0,0,1
MMV,Olectra Greentech Ltd,0,0,0,1,11,7,0,3,12,0,34
3W,Olympus Industries Pvt Ltd,0,0,0,3,51,5,10,0,0,0,69
MMV,Olympus Industries Pvt Ltd,0,0,0,1,0,0,0,0,0,0,1
2W,Om Balajee Automobile ( India) Pvt. Ltd,0,0,0,0,0,0,1,0,0,0,1
3W,Om Balajee Automobile ( India) Pvt. Ltd,0,389,1079,1701,1610,672,1448,2930,3304,1461,14594
3W,Om Balaji Automobiles I P Ltd,0,340,241,145,83,54,24,16,9,0,912
3W,Om Industries,0,0,0,35,12,1,0,0,44,768,860
3W,Om Packaging,0,0,0,4,29,13,6,15,0,0,67
3W,Om Raj Autotech Llp,0,0,0,27,388,345,795,1167,1203,550,4475
3W,Om. Industries,0,0,0,0,5,3,4,1,0,0,13
3W,Omega Sales & Agro Industries,0,0,0,0,0,3,12,102,283,188,588
3W,Omega Seiki Pvt Ltd,0,0,0,0,0,0,317,2785,3579,4592,11273
LMV,Omega Seiki Pvt Ltd,0,0,0,0,0,0,32,146,102,61,341
2W,Omjay Ev Limited,0,0,0,0,0,0,0,172,67,13,252
2W,Original Fuel System Pvt Ltd,0,0,0,1,0,0,0,0,0,0,1
3W,Original Fuel System Pvt Ltd,0,0,15,22,0,0,0,0,0,0,37
2W,Others,110,136,382,1929,1576,933,8541,15099,195,4,28905
3W,Others,1708,13401,15094,1687,312,199,777,2165,1435,174,36952
LMV,Others,40,66,581,560,269,13,162,431,40,84,2246
MMV,Others,0,1,0,2,0,0,0,0,1,1,5
2W,Ozotec Automobile Private Limited,0,0,0,0,0,0,0,93,351,56,500
3W,Paarth Sarthi Automotive Engineers Pvt Ltd,0,0,4,19,13,2,21,23,11,0,93
3W,Pace Agro Private Limited,0,0,11,138,234,115,66,46,41,11,662
LMV,Pace Agro Private Limited,0,0,0,1,0,0,0,0,0,0,1
3W,Pace Agro Pvt Ltd,0,0,29,44,3,0,0,0,0,0,76
3W,Pal Diesal Pvt Ltd,0,0,1,0,0,0,0,0,0,0,1
3W,Pansen Engineering India Pvt Ltd,0,0,0,0,41,57,47,0,0,0,145
3W,Panther Electric Vehicles,0,0,0,0,0,2,33,66,77,23,201
3W,Parag Agro,0,0,2,0,0,0,0,0,0,0,2
3W,Paras Industries,0,0,1,0,0,6,317,1120,3246,1822,6512
LMV,Paras Industries,0,0,0,0,0,0,0,0,1,0,1
3W,Pari E-Vehicles,0,6,62,210,246,156,160,484,572,265,2161
3W,Pari Metro E Rickshaw,0,0,0,219,286,138,301,706,904,514,3068
3W,Parveen Auto,0,0,0,0,285,63,181,1,65,24,619
3W,Pashupati Nath Motors Pvt Ltd,0,0,1,14,12,2,0,0,0,0,29
3W,Pashupati Vehicle Pvt. Ltd.,0,1,2,3,20,1,0,0,0,0,27
3W,Pashupati Vehicles Pvt Ltd,0,0,13,17,29,15,2,1,0,0,77
3W,Pats Motor Corp,0,1,18,9,44,59,28,24,21,6,210
LMV,Pca Automobiles India Pvt Ltd,0,0,0,0,0,0,0,0,1950,916,2866
2W,Piaggio Vehicles Pvt Ltd,3,7,4,0,0,0,0,0,0,0,14
3W,Piaggio Vehicles Pvt Ltd,5,4,3,11,1,79,2247,7431,21079,12869,43729
LMV,Piaggio Vehicles Pvt Ltd,0,0,0,0,0,0,19,3,10,8,40
3W,Pilling Rig,0,0,0,0,0,0,1,0,0,0,1
LMV,Pinnacle Mobility Solutions Pvt Ltd,0,0,0,0,0,0,0,0,22,27,49
3W,Plaudit Techno India Pvt Ltd,0,0,271,503,504,255,206,34,18,360,2151
LMV,Pmi Electro Mobility Solutions Private Limited,0,0,0,0,1,0,0,0,0,0,1
MMV,Pmi Electro Mobility Solutions Private Limited,0,0,0,0,0,2,1,0,0,5,8
LMV,Ponmalar Trailers,1,0,2,0,0,0,0,0,0,0,3
3W,Pooshpak Automobiles Pvt Ltd,0,0,0,0,0,0,2,1,65,249,317
2W,Porfitel Technology (Importer: Aeroride),0,0,0,0,0,0,0,23,214,89,326
3W,Porsche Ag,0,0,1,0,0,0,0,0,0,0,1
LMV,Porsche Ag Germany,0,0,0,0,0,0,0,60,96,54,210
2W,Porwal Electric,0,0,0,0,0,0,0,0,0,5,5
LMV,Powerland Agro Tractor Vehicles Pvt Ltd,0,0,0,0,0,0,0,0,0,9,9
3W,Praakarm Auto & Construction Equipments,0,0,0,35,23,15,30,40,101,30,274
3W,Prabha Automotive Engineers Pvt Ltd,0,0,0,0,0,0,0,6,8,9,23
3W,Prag Motors,0,0,0,5,0,10,2,47,206,94,364
3W,Pragya Automobile Pvt Ltd,0,0,0,0,0,0,0,0,33,79,112
3W,Prajapati Eng. Works,0,0,1,0,0,0,0,0,0,0,1
3W,Prajjwal Mahajan Traders,0,0,0,0,0,0,0,0,13,99,112
3W,Prakash Enterprises,0,0,0,2,19,30,48,46,65,65,275
3W,Preet Tractors Pvt. Ltd.,0,0,10,0,0,0,0,0,0,0,10
3W,Premier Ltd,0,0,1,0,0,0,0,0,0,0,1
3W,Prestantia Creations Pvt Ltd,0,0,18,23,9,13,21,0,6,11,101
3W,Pride E-Motors,0,0,0,0,0,0,16,321,500,220,1057
3W,Prima Pvt Ltd,0,0,0,0,2,0,0,0,0,0,2
3W,Priyam Industries And Engineering Pvt Ltd,0,0,0,0,0,0,0,0,40,99,139
3W,Pubang Etron Electric Motor Pvt Ltd,0,0,38,1013,2606,1354,457,120,16,12,5616
3W,Puneet Overseas  Inc,0,0,0,0,0,5,13,15,0,0,33
3W,Punjab Body Builders,0,0,0,0,0,0,0,0,22,37,59
LMV,Punjab Tractors Limited,0,1,0,0,0,0,0,0,0,0,1
2W,Pur Energy Pvt Ltd,0,0,0,0,0,720,11044,14953,7191,3143,37051
3W,Purva Udyog Pvt Ltd,0,0,0,0,1,0,13,35,23,8,80
3W,Pushkar Industries,0,0,1,0,0,0,0,0,0,0,1
3W,Pythox Motors Pvt Ltd,0,0,0,0,14,23,45,125,338,462,1007
2W,Qicheng Vehicle (Importer: Autoicare Innovation),0,0,0,0,0,0,0,0,81,28,109
2W,Qookee Technologies (Importer:Vikebike India),0,0,0,0,0,0,0,0,10,21,31
2W,Quantum Energy Ltd.,0,0,0,0,0,0,0,25,2371,3178,5574
LMV,Quantum Energy Ltd.,0,0,0,0,0,0,0,0,2,0,2
LMV,R.N.A.I.P.Ltd,1,0,0,0,0,0,0,0,0,0,1
3W,R3 Enterprises,0,0,0,0,77,229,96,170,501,276,1349
3W,Raaj Automotive,0,0,1,0,0,0,0,0,0,0,1
3W,Raccoon Motors Pvt Ltd,0,0,0,0,0,7,35,20,18,9,89
3W,Rachanacreations Auto Pvt Ltd,0,0,0,0,0,0,0,0,0,10,10
3W,Raftaar Electric Green Vehicles Pvt Ltd,0,0,0,0,0,0,0,0,0,12,12
3W,Rahul Agro Exports Pvt Ltd,0,0,77,90,140,77,18,37,124,42,605
2W,Raj Automotive,0,0,0,0,1,0,0,0,0,0,1
3W,Raj Automotive,0,0,9,18,11,22,26,101,99,52,338
3W,Raja Arts Hitech Engineering,0,0,0,0,0,0,0,0,1,0,1
3W,Rajesh Steel And Wire Industries,0,0,18,148,135,57,32,30,8,2,430
LMV,Rajesh Steel And Wire Industries,0,0,0,1,0,0,0,0,0,0,1
3W,Rajiv Raj Vehicles Pvt Ltd,0,0,1,46,28,35,17,0,0,0,127
3W,Rajkamal Motors Ltd,0,0,1,0,0,0,0,0,0,0,1
3W,Ram Janki Eng. Work,0,0,4,0,0,0,0,0,0,0,4
3W,Rama Industries,0,0,0,0,0,0,0,0,4,18,22
3W,Ramon Industries,0,0,0,133,238,63,54,71,114,45,718
3W,Rana Engineer Works,0,0,0,0,0,0,5,35,575,564,1179
3W,Rasandik Engineering,0,0,6,0,0,0,0,0,0,0,6
3W,Rasandik Engineering Industries India Ltd,0,0,13,129,58,10,10,47,152,150,569
3W,Rasandik Motors Pvt Ltd,0,0,12,2,0,0,0,0,0,0,14
3W,Rasiwasia Rasayan Pvt Ltd,0,0,60,22,19,2,1,10,2,4,120
LMV,Rathna Engineering Company,2,1,0,0,0,0,0,0,0,0,3
3W,Ravi Metal Works,0,0,0,0,0,0,0,0,20,452,472
3W,Rayon Engineers,0,0,67,135,50,4,27,333,1176,990,2782
3W,Rcj Auto Forge Pvt Ltd,0,0,0,0,0,1,54,281,609,530,1475
3W,Rd And Co,0,0,0,0,0,3,3,9,1,0,16
3W,Rds Industries,0,0,0,0,0,0,0,0,0,110,110
3W,Reddy Automotive Pvt Ltd,0,0,0,0,0,0,0,0,0,4,4
3W,Reep Industries Pvt Ltd,0,0,0,19,40,5,3397,188,1080,759,5488
LMV,Reep Industries Pvt Ltd,0,0,0,0,2,0,0,1,3,0,6
3W,Reflex Control System Pvt,0,3,22,7,0,2,0,0,0,0,34
3W,Reflex Control System Pvt .Ltd,0,0,40,197,112,53,41,63,96,42,644
2W,Regeneration E Bikes,0,0,0,0,0,0,0,0,0,6,6
2W,Renault India Pvt Ltd,0,0,1,0,0,0,0,0,0,0,1
3W,Renault India Pvt Ltd,0,0,14,0,0,0,0,0,0,0,14
LMV,Renault India Pvt Ltd,2,1,0,0,0,0,0,0,2,0,5
3W,Republic Motors,0,0,7,84,54,44,105,119,237,143,793
LMV,Republic Motors,0,0,0,0,0,0,1,0,0,0,1
3W,Republic Pvt.Ltd.,0,0,1,1,0,0,0,0,0,0,2
LMV,Reva Electric Car Co,5,1,26,19,0,0,0,0,0,0,51
2W,Revolt Intellicorp Pvt Ltd,0,0,0,0,480,2098,4704,14910,6976,4650,33818
2W,Rgm Business Plus Pvt Ltd,0,0,0,0,0,0,408,1564,822,176,2970
3W,Riband Electric Pvt Ltd,0,0,0,0,0,0,18,200,496,223,937
3W,Richford Allianz Pvt Ltd,0,0,0,0,0,0,0,0,0,162,162
2W,River Mobility Pvt Ltd,0,0,0,0,0,0,0,0,92,1134,1226
3W,Riya Enterprise,0,0,0,1,10,5,2,31,31,5,85
3W,Roansome Motors,0,0,0,0,0,0,0,0,4,65,69
3W,Roarleo Motor Pvt Ltd,0,0,0,59,88,52,43,136,338,180,896
LMV,Rolls Royce,0,0,0,0,0,0,0,0,0,1,1
LMV,Rolls Royce Motor (Importer: Kun Motor),0,0,0,0,0,0,0,0,1,3,4
LMV,Rolls-Royce Motor Cars(Importer:Select Cars P Ltd),0,0,0,0,0,0,0,0,0,2,2
2W,Rowwet Mobility Pvt Ltd,0,0,0,0,0,1,60,143,68,260,532
2W,Royal-Enfield (Unit Of Eicher Ltd),56,34,4,1,1,0,0,0,0,0,96
3W,Royal-Enfield (Unit Of Eicher Ltd),0,0,1,0,0,0,0,0,0,0,1
LMV,Royal-Enfield (Unit Of Eicher Ltd),1,0,0,0,0,0,0,0,0,0,1
3W,Royce Ev Pvt Ltd,0,0,0,0,0,0,0,0,0,246,246
3W,Rp Motors,0,0,0,0,0,0,0,0,32,107,139
3W,Rsd Security Solutions Pvt Ltd,38,101,309,270,377,87,11,1,1,0,1195
3W,Rudra Auto Industries,0,0,1,0,0,0,0,0,0,0,1
3W,Rutba Product Pvt Ltd,0,0,10,328,492,275,415,518,629,405,3072
3W,S And J Industries,0,0,0,79,140,62,49,189,126,44,689
3W,S B Traders,0,0,0,0,0,0,0,0,29,83,112
3W,S E Asia Co,0,0,0,1,2,0,0,0,0,0,3
LMV,S J Trailors,0,0,7,0,0,0,0,0,0,0,7
LMV,"S M Tractor Tralers, Shahapur",0,0,2,0,0,0,0,0,0,0,2
3W,S S Global,0,0,0,45,106,79,61,11,6,26,334
3W,S.M. Ltd.,0,0,1,0,0,0,0,0,0,0,1
3W,S.P. Electronics,0,0,3,6,0,0,0,0,0,0,9
3W,S.S.Agro Tech,0,0,10,1,0,0,0,0,0,0,11
3W,S.V Automotive,0,212,409,209,59,15,9,0,0,0,913
3W,Saathi Trading Co,0,0,2,0,0,0,0,0,0,0,2
3W,Saera Electric Auto Pvt Ltd,140,1203,1532,3226,5080,4153,7098,19314,29321,16408,87475
LMV,Saera Electric Auto Pvt Ltd,0,0,1,2,0,1,0,0,1,0,5
MMV,Saera Electric Auto Pvt Ltd,0,0,0,0,0,0,0,0,1,0,1
LMV,Sagar Agro Industries,1,0,0,0,0,0,0,0,0,0,1
3W,Sagar Fabrications,0,0,0,0,0,0,0,16,10,17,43
3W,Sagas Autotic Pvt Ltd,0,0,1,0,0,0,0,0,0,0,1
3W,Sahkar Agro Ind,0,0,1,0,0,0,0,0,0,0,1
3W,Sahnianand E Vehicles Pvt Ltd,0,0,0,0,0,0,0,1133,5788,5074,11995
2W,Sai Sameer Power Electric Vehicles Pvt Ltd,0,0,0,0,0,0,0,0,22,7,29
3W,Saifian Solar Pvt Ltd,0,0,0,0,0,0,0,0,0,29,29
3W,Sainik Cycle Mart,0,0,0,0,0,0,7,142,36,11,196
3W,Saksham Tech Auto,0,0,26,2,0,0,0,0,0,0,28
3W,Saksham Tech Automobiles,0,0,0,55,35,2,6,241,175,65,579
3W,Saksham Trading Company,0,181,272,354,243,81,31,17,4,97,1280
LMV,Sakthi Vijay Industries,0,0,1,0,0,0,0,0,0,0,1
LMV,Sakthi Vinayaka Engineering Works,0,0,2,0,0,0,0,0,0,0,2
2W,Same Deutz - Fahr India (P) Ltd.,0,1,0,0,0,0,0,0,0,0,1
3W,Same Deutz - Fahr India (P) Ltd.,0,1,2,0,0,0,0,0,0,0,3
3W,Sameer Engineering,0,0,0,0,16,3,2,0,5,21,47
3W,Samrat Electric Vehicle,0,0,1,13,59,20,37,353,677,386,1546
3W,San Motors Limited,0,0,1,0,0,0,0,0,0,0,1
3W,Sanchal Automobiles Pvt Ltd,0,0,0,0,56,22,0,0,0,0,78
3W,Sant Engg Works,0,0,11,0,0,0,0,0,0,0,11
3W,Saravana Engineering Works,0,0,0,0,0,0,0,0,204,4,208
LMV,Saravana Trailer,0,0,1,0,0,0,0,0,0,0,1
3W,Sas Motors Ltd.,7,13,4,0,0,0,0,0,0,0,24
3W,Sathi Motors Electric Vehicle Pvt Ltd,0,0,10,233,182,341,565,1310,2831,2169,7641
3W,Sauryaa Sharyo Corporation,0,4,12,2,0,0,0,1,2,0,21
2W,Sbtek E Moto Pvt Ltd,0,0,0,0,0,14,46,19,22,8,109
3W,Scooters India Ltd,0,0,1,0,0,5,4,5,1,1,17
3W,Sealion Automobile Pvt Ltd,0,0,0,0,14,13,22,36,36,13,134
2W,Seeka E Motors Pvt Ltd,0,0,0,0,0,0,0,0,3,12,15
3W,Sen And Pandit Voltage Control Pvt Ltd,0,0,0,40,54,28,23,55,54,37,291
3W,Seth Industrial Corporation,0,0,0,32,79,59,130,401,911,700,2312
3W,Sethji Industries,0,0,88,50,6,6,4,0,0,0,154
3W,Sf2 E Vehicle Pvt Ltd,0,0,0,0,0,0,0,16,49,14,79
3W,Sgl Industries,0,0,0,0,0,1,0,0,0,0,1
3W,Sglline Motors Pvt Ltd,0,0,0,63,28,49,28,60,31,23,282
MMV,Shah Agro Engg Works,1,0,0,0,0,0,0,0,0,0,1
3W,Shailendra Autos Pvt Ltd,0,0,0,0,0,0,0,0,40,91,131
3W,Shakti Auto Green,0,0,63,155,188,191,281,415,787,522,2602
3W,Shaktiman Agro Industries,0,0,1,0,0,0,0,0,0,0,1
3W,Shalya Auto Sales Pvt Ltd,0,0,0,0,0,0,0,213,617,360,1190
3W,Shammi Electronics,0,0,0,0,0,0,0,0,28,21,49
2W,Shema E- Vehcile & Solar Pvt Ltd,0,0,0,0,0,0,0,0,0,1568,1568
3W,Shera Electrical Auto Pvt Ltd,0,12,11,20,1,1,0,0,0,0,45
3W,Shigan Evoltz Ltd,0,82,352,565,950,452,505,853,431,145,4335
LMV,Shigan Evoltz Ltd,0,0,0,1,1,0,9,0,0,0,11
3W,Shine Metal Udyog Pvt Ltd,0,0,19,9,0,0,0,0,0,0,28
3W,Shine Metal Udyog Pvt Ltd (Unit- Ii),0,0,30,92,61,8,10,5,110,138,454
3W,Shinme Electrical Vehicle Pvt Ltd,0,0,0,0,0,0,0,91,120,72,283
3W,Shiv Enterprises,0,0,0,0,0,0,0,0,0,72,72
3W,Shiv Om India,0,0,633,582,209,40,23,69,197,151,1904
LMV,Shiv Trailor Industries,0,2,2,0,0,0,0,0,0,0,4
3W,Shiva Enterprises,0,0,0,0,0,0,0,0,0,65,65
3W,Shivganga Ecogreen Llp,0,0,0,0,0,0,0,0,0,35,35
3W,Shree Maruti Nandan Businesss (P) Ltd,0,0,0,33,69,14,17,181,307,98,719
3W,Shree Siridi Sai Mineral & Exports Pvt. Ltd,0,0,44,39,0,0,0,0,0,0,83
3W,Shreya Engineers,0,0,0,2,14,13,43,13,9,3,97
LMV,Shri Abirami Trailers,2,2,5,8,0,0,0,0,0,0,17
MMV,Shri Abirami Trailers,0,1,0,0,0,0,0,0,0,0,1
LMV,Shri Angammal Engineering Works,0,0,2,0,0,0,0,0,0,0,2
LMV,Shri Arupadayan Trailers,0,1,0,0,0,0,0,0,0,0,1
3W,Shri Balaji Enterprises,0,0,0,175,84,0,1,0,0,0,260
LMV,Shri Banashankari Eng Works,0,1,0,0,0,0,0,0,0,0,1
2W,Shri Barsana E-Vehicles Pvt Ltd,0,0,0,0,0,0,0,1,0,0,1
3W,Shri Barsana E-Vehicles Pvt Ltd,0,0,49,575,794,433,645,1554,4086,3224,11360
LMV,Shri Barsana E-Vehicles Pvt Ltd,0,0,0,0,0,0,0,1,2,0,3
3W,Shri Chamundi Mopeds,0,6,2,0,0,0,0,0,0,0,8
3W,Shri Chinnamman Engg. Works,0,1,1,0,0,0,0,0,0,0,2
LMV,Shri Chinnamman Engg. Works,0,0,0,1,0,0,0,0,0,0,1
LMV,Shri Devika Trailers,1,1,0,0,0,0,0,0,0,0,2
LMV,Shri Ganapathy Engg. Works,2,1,1,1,0,0,0,0,0,0,5
LMV,Shri Ganesh Trailer,1,0,0,0,0,0,0,0,0,0,1
LMV,Shri Jyothi Eng. Works.,0,1,0,0,0,0,0,0,0,0,1
LMV,Shri Kanaga Trailers Tankar,0,1,0,0,0,0,0,0,0,0,1
LMV,Shri Kumar Trailers Equipments,0,0,2,0,0,0,0,0,0,0,2
LMV,Shri Lakshmi Lathe Works,6,11,8,5,0,0,0,0,0,0,30
LMV,Shri Laxmi Engineering Works,0,1,0,0,0,0,0,0,0,0,1
LMV,Shri Modern Trailers,0,0,2,0,0,0,0,0,0,0,2
3W,Shri Namo Electric Automotive,0,0,131,238,269,170,214,264,645,395,2326
3W,Shri Ram Auto Tech Pvt Ltd,35,469,127,26,0,0,0,4,3,0,664
3W,Shri Ram Automobiles,0,23,17,2,0,0,0,0,0,0,42
3W,Shri Ram Industries,0,0,0,1,0,0,0,0,0,0,1
LMV,Shri Sakthi Vinayaka Trailers,0,0,3,0,0,0,0,0,0,0,3
3W,Shri Shivshankar Enterprises,0,0,0,0,5,4,2,8,0,0,19
LMV,Shri Vairamuthu Trailers,0,2,2,0,0,0,0,0,0,0,4
LMV,Shri Venkateshwara Trailor,1,0,0,1,0,0,0,0,0,0,2
3W,Shriraj Electric Vehicles,0,0,0,40,17,158,1318,2003,2726,1240,7502
3W,Shriram Astral Motor Co,0,0,0,0,6,4,0,0,0,0,10
3W,Shubham Manufacturer,0,0,0,0,0,0,0,0,6,13,19
3W,Siarsa Electricals Pvt Ltd,0,0,13,28,21,0,0,0,0,0,62
LMV,Sidhi Durga Engineering,0,0,0,2,0,0,0,0,0,0,2
2W,Simpleenergy Pvt Ltd,0,0,0,0,0,0,0,0,65,568,633
LMV,Sindhu Motors,0,1,0,0,0,0,0,0,0,0,1
3W,Singh Automobiles,0,0,0,0,0,0,0,0,359,322,681
3W,Singhal Enterprises,0,0,0,96,97,42,46,38,136,63,518
3W,Sirf India Vehicles Pvt Ltd,0,0,0,24,45,44,24,5,27,53,222
3W,Sityog Engineering Pvt Ltd,0,0,0,0,0,15,1,0,5,2,23
LMV,Siva Engineering Works,0,1,0,0,0,0,0,0,0,0,1
LMV,Sivasakthi Engineering Works,0,1,0,0,0,0,0,0,0,0,1
3W,Siwach Steel Pvt Ltd,0,24,285,331,188,42,47,98,24,8,1047
3W,Six Senses Automotive Pvt Ltd,0,0,0,0,63,8,0,4,12,33,120
3W,Sks Automobiles (I) Pvt Ltd,0,0,20,0,0,0,0,5,2,0,27
3W,Sks Trade India Pvt Ltd,0,0,203,770,1354,854,2236,6308,10078,5687,27490
LMV,Sks Trade India Pvt Ltd,0,0,0,0,3,0,0,0,0,1,4
3W,Skyride Automotive,0,301,344,285,447,393,520,90,40,14,2434
3W,Skyy Rider Electric Private Limited,0,0,0,0,0,0,0,0,1,143,144
2W,Smap Vehicles (Importer: Elego Motors),0,0,0,0,0,0,0,0,15,2,17
3W,Smart Electro Motors,0,0,4,23,25,31,38,48,47,44,260
3W,Smartomatic Vehicles Private Limited,0,0,0,0,0,0,0,0,2,0,2
3W,Smith Motors Pvt Ltd,0,0,0,0,0,0,0,0,4,0,4
3W,Sml Isuzu Ltd,0,1,17,0,0,0,0,0,0,0,18
LMV,Sml Isuzu Ltd,0,4,0,0,0,0,0,0,0,0,4
MMV,Sml Isuzu Ltd,1,0,0,0,0,0,0,0,0,0,1
3W,Sn Solar Energy,0,0,0,61,121,28,44,23,187,244,708
2W,Sokudo Electric India Pvt Ltd,0,0,0,0,0,0,0,0,132,232,364
3W,Soni E Vehicle Pvt Ltd,0,41,109,380,320,41,74,173,64,22,1224
LMV,Soni E Vehicle Pvt Ltd,0,0,1,0,0,0,0,0,0,0,1
3W,Soni E Vehicles Pvt Ltd,44,252,138,13,0,0,0,0,0,0,447
3W,Speed Auto Tech,0,0,0,0,0,0,0,8,87,20,115
3W,Speedways Electric,0,0,85,64,19,11,3,1,5,2,190
3W,Speedways Electric Pvt Ltd,0,14,11,0,0,0,0,0,0,0,25
3W,Speego Vehicles Co Pvt Ltd,0,33,427,900,913,891,1877,3734,4770,2228,15773
3W,Speego Vehicles Pvt. Ltd,227,287,164,15,0,13,73,131,12,0,922
3W,Srd Renewables,0,0,0,5,162,113,481,1222,2121,941,5045
LMV,Sri Rama Trailers,1,0,0,0,0,0,0,0,0,0,1
3W,Sri Sai Marketing,0,1,0,0,0,0,0,0,0,0,1
2W,Srivaru Motors Pvt Ltd,0,0,0,0,0,0,77,60,24,0,161
3W,Ssb Indistries,0,0,69,141,391,311,603,1746,2248,1021,6530
3W,Ssev Enterprises Private Limited,0,0,0,0,0,0,0,340,767,620,1727
3W,Ssv Technologies,0,0,0,0,0,0,0,2,0,1,3
3W,Standard Corporation India Ltd,0,0,3,0,0,0,0,0,0,0,3
3W,Star Bull E Motors,0,0,0,185,361,257,434,2217,2077,1133,6664
3W,Star Iglobal Automotive Pvt Ltd,0,0,0,0,0,12,81,211,570,315,1189
3W,Star Industries,0,0,0,0,0,0,0,0,0,47,47
3W,Successpath Marketing Pvt Ltd,0,17,30,6,0,0,0,0,0,0,53
3W,Sudhraj Electric Mobility Pvt. Ltd.,0,0,0,0,0,0,0,11,175,223,409
3W,Suganji Rara Electric Vehicle Pvt Ltd,0,0,0,2,0,18,10,4,0,0,34
2W,Sumec Co Ltd (Importer: Route & Mars Ev Llp),0,0,0,0,0,0,0,0,0,1,1
3W,Sumfonl Auto Traders Pvt Ltd,0,0,9,197,345,216,78,77,286,162,1370
3W,Sun Auto,0,0,0,0,0,0,0,0,0,2,2
3W,Sun Industries,0,0,0,0,0,0,0,0,0,207,207
3W,Sun Motors,1,3,7,4,0,0,0,0,0,0,15
3W,Sun Motors Pvt Ltd,0,0,6,0,0,0,0,0,0,0,6
3W,Sun Shine Engineering Works,0,1,1,0,0,0,0,0,0,0,2
3W,Sunanda Greentech Pvt Ltd,0,0,0,0,0,0,0,0,11,112,123
3W,Sunariya Motors Pvt Ltd,0,0,0,0,0,0,0,0,36,31,67
3W,Sunku Auto Ltd,0,0,6,0,0,0,0,0,0,0,6
3W,Sunlectra Auto,0,0,0,0,0,0,1,0,0,0,1
3W,Sunshine Technologies,0,0,0,0,17,0,0,0,2,7,26
3W,Sunultra Power Solutions Pvt Ltd,0,0,0,0,0,9,28,82,142,52,313
3W,Super Metro Industries,0,0,0,0,0,1,94,1006,1198,538,2837
3W,Super Power Motors,0,0,0,0,0,0,0,0,2,107,109
2W,Supereco Automotive Co,0,0,0,1,0,7,8,14,128,15,173
3W,Supereco Automotive Co,1,8,325,700,444,157,134,55,134,71,2029
3W,Supereco Automotive Co Llp,0,1,47,5,0,2,0,0,1,0,56
3W,Supertech Ev Limited,0,0,3,111,82,116,356,1038,2020,1390,5116
LMV,Supertech Ev Limited,0,0,0,0,0,0,0,0,0,1,1
3W,Supreme Sales Agency,0,0,0,0,0,0,0,0,0,50,50
3W,Supreme Smart Power Pvt Ltd,0,0,0,0,0,0,64,244,434,219,961
3W,Suprova Enterprise,0,0,0,0,0,2,0,0,4,3,9
3W,Surya International,0,0,0,0,0,0,0,0,16,13,29
LMV,Surya Trailors And Tankers,1,2,0,0,0,0,0,0,0,0,3
2W,Suzuki Motorcycle India Pvt Ltd,17,24,20,2,1,0,0,9,0,0,73
3W,Suzuki Motorcycle India Pvt Ltd,0,0,1,0,0,0,0,0,0,0,1
3W,Svs Enterprises,0,0,0,0,0,0,0,0,84,17,101
3W,Swadeshi Industries,0,0,0,19,18,0,0,0,0,0,37
3W,Swarnchakra Automobiles Pvt Ltd,0,0,0,0,0,0,15,7,5,4,31
3W,Swastik,0,0,0,0,27,40,0,0,0,1,68
LMV,Switch Mobility Automotive Ltd,0,0,0,0,0,0,0,1,0,84,85
3W,Syndicate Auto Components,0,0,0,0,11,13,58,227,77,51,437
3W,T U K Industries,0,0,0,2,145,161,326,1240,2845,1948,6667
3W,Tafe Limited,0,0,1,0,0,0,0,0,0,0,1
LMV,Tafe Limited,0,1,0,1,0,0,0,0,0,0,2
3W,Tamilnadu Mopeds Ltd,0,0,0,1,0,0,0,0,0,0,1
3W,Tao Power Private Limited,0,0,0,0,0,0,0,6,11,3,20
3W,Tara Maa Machinery,0,0,0,0,0,0,0,0,26,54,80
2W,Tata Motors Ltd,0,2,0,0,0,0,0,0,0,0,2
3W,Tata Motors Ltd,0,0,1,0,0,0,0,0,0,1,2
LMV,Tata Motors Ltd,9,10,3,144,419,2717,10033,1621,1766,3076,19798
MMV,Tata Motors Ltd,1,0,4,4,119,26,253,15,275,5,702
LMV,Tata Motors Passenger Vehicles Ltd,0,0,0,0,0,0,0,30610,21420,490,52520
LMV,Tata Passenger Electric Mobility Ltd,0,0,0,0,0,0,0,0,38580,35830,74410
3W,Taurus Electric Vehicles,0,0,0,0,35,24,76,234,346,170,885
3W,Tejasgreen Automotive Pvt Ltd,0,0,0,24,141,16,7,42,1,0,231
LMV,Telsa Inc,0,0,0,0,0,0,1,0,0,0,1
3W,Terex Corporation,0,15,6,1,0,0,0,0,0,0,22
3W,Terra Motors India Pvt Ltd,0,64,893,2704,3545,2631,3404,7876,8810,4959,34886
LMV,Terra Motors India Pvt Ltd,0,0,0,0,1,0,0,0,0,0,1
3W,The Commercial Motors Limited,0,0,0,0,32,14,38,79,58,4,225
LMV,The Commercial Motors Limited,0,0,0,0,1,0,0,0,0,0,1
3W,The Commercial Motors Pvt Ltd,0,0,0,0,0,0,0,0,8,10,18
2W,Thukral Electric Bikes Pvt Ltd,0,0,0,0,0,0,0,1,48,8,57
3W,Thukral Electric Bikes Pvt Ltd,326,1493,1825,2850,3303,1986,3895,5915,7271,3924,32788
3W,Ti Clean Mobility Pvt Ltd,0,0,0,0,0,0,0,1,1273,3139,4413
3W,Top Team Machines Pvt Ltd,0,14,58,919,1103,869,943,1382,1743,809,7840
2W,Tork Motors Pvt Ltd,0,0,0,0,0,1,0,319,1589,931,2840
3W,Toyota Kirloskar Motor Pvt Ltd,0,0,0,1,0,0,0,0,0,0,1
LMV,Toyota Kirloskar Motor Pvt Ltd,19,24,12,28,3,0,6,1,0,0,93
LMV,Toyota Material Handling India Pvt Ltd,0,0,0,0,1,0,3,0,0,0,4
3W,Transvahan Technologies India Pvt Ltd,0,0,0,0,9,0,0,0,0,0,9
3W,Trinity Electric Vehicles Pvt Ltd,0,0,0,0,0,2,13,9,57,120,201
3W,Trishika Industries,0,0,0,11,108,146,416,1355,1361,422,3819
3W,Trupart Automotive India Pvt Ltd,0,0,2,71,61,10,2,0,10,1,157
3W,Truz Industries,0,0,0,5,6,0,0,0,3,4,18
3W,Tsm Engineering Pvt Ltd,0,5,42,47,26,5,0,7,296,227,655
3W,Tsr Trade Com,0,0,0,0,10,35,35,29,30,9,148
3W,Tufan Motors Pvt Ltd,0,0,0,0,208,82,193,391,987,460,2321
2W,Tunwal E Motors Pvt Ltd,0,0,0,0,0,0,1,58,44,16,119
2W,Tvs Motor Company Ltd,165,171,69,23,30,233,5258,47182,166580,98516,318227
3W,Tvs Motor Company Ltd,2,6,6,3,0,0,0,5,97,99,218
3W,Twashtre Automotive Pvt Ltd,0,0,0,0,19,4,6,6,11,6,52
3W,Twinkle Tradcom Pvt Ltd,0,4,357,356,448,454,311,476,1505,449,4360
3W,Two Friends Auto Electric Co,0,0,0,260,368,289,940,2724,3848,2002,10431
2W,Tyst Drive India Pvt Ltd,0,0,0,0,0,2,25,40,31,6,104
3W,U P Telelinks Ltd,22,210,135,1,4,0,0,15,3,0,390
3W,U V Motors India Pvt Ltd,0,0,0,45,34,16,0,0,0,0,95
3W,U.P. Telelinks Limited,0,299,791,581,656,304,499,1978,2438,1760,9306
LMV,U.P. Telelinks Limited,0,0,0,0,0,0,0,1,2,0,3
2W,Ultraviolette Automotive Pvt Ltd,0,0,0,0,0,0,0,0,256,69,325
3W,Uma  Auto Industries Pvt. Ltd,0,3,23,126,41,2,1,34,137,50,417
3W,Uma Auto Industries Pvt Ltd,0,1,0,6,1,0,0,0,0,0,8
3W,Uma Motors,0,0,0,26,99,37,72,191,211,125,761
3W,Unic,0,0,13,0,0,0,0,0,0,0,13
3W,Unicorn Digital Systems Pvt Ltd,0,0,1,2,1,0,3,0,0,0,7
3W,Unique Auto Electric,0,0,0,0,0,0,0,0,26,874,900
3W,Unique Enterprises,0,0,1,174,313,185,778,1671,3580,2132,8834
3W,Unique International,0,0,266,1515,2125,1776,3988,10246,13572,8121,41609
LMV,Unique International,0,0,0,0,0,0,0,3,3,0,6
3W,United Auto Tractors Ltd,0,1,0,0,0,0,0,0,0,0,1
3W,United Transmovers Pvt Ltd,0,0,42,657,788,291,226,321,272,194,2791
3W,Universal Ltd,0,0,0,3,0,0,0,0,0,0,3
3W,Urwashi Enterprises,0,0,0,0,0,0,0,156,355,208,719
3W,Ushasons Auto Components,0,0,0,0,0,0,0,0,0,17,17
3W,V V A Electric Vehicle,0,36,0,0,0,0,0,0,0,0,36
3W,V.T. Engineering,0,0,50,258,197,82,59,59,9,0,714
3W,V.T.Engineering,0,0,3,1,0,0,0,0,0,0,4
3W,V.V.A.Auto Industries Pvt.Ltd,0,6,3,113,103,152,78,72,26,3,556
3W,Vahak Future Solutions Llp,0,0,0,0,0,0,12,17,23,89,141
3W,Vani Electric Vehicles Pvt Ltd,0,0,211,1996,3217,3083,3924,5969,7832,4577,30809
3W,Various Innovative Systems Hybrid Nano Utilities,0,0,0,1,4,1,0,0,0,0,6
3W,Vauxhall Motors Ltd,0,1,3,0,0,0,0,0,0,0,4
3W,Ve Commercial Vehicles Ltd,0,9,12,0,0,0,0,0,0,0,21
LMV,Ve Commercial Vehicles Ltd,0,0,0,0,0,0,0,0,6,27,33
MMV,Ve Commercial Vehicles Ltd,0,0,0,3,0,0,0,7,0,0,10
3W,Veanco Automotives Pvt Ltd,0,0,0,0,0,0,1,6,11,3,21
LMV,Veanco Automotives Pvt Ltd,0,0,0,0,0,0,1,0,0,0,1
3W,Veectero E Vehicles Llp,0,0,0,9,38,22,24,132,171,59,455
MMV,Veera Vahana Udyog Private Limited,0,0,0,0,0,0,0,0,1,8,9
3W,Vehicle Factory Jabalpur,0,5,22,0,0,0,0,0,0,0,27
3W,Venus Auto Industries,0,2,3,0,0,0,0,0,0,0,5
3W,Venus Auto Wheels Pvt Ltd,0,1,282,329,306,212,329,398,574,204,2635
3W,Vglan Buildcon Private Limited,0,4,10,8,39,1,27,0,0,0,89
3W,Vglan Buildcon Pvt Ltd,4,4,8,4,0,0,0,0,0,0,20
LMV,Vglan Buildcon Pvt Ltd,0,0,13,15,0,0,0,0,0,0,28
3W,Vibgyor  Vehicles Limited,0,0,1,0,0,0,0,0,0,0,1
3W,Victor Agro Industries,0,49,79,7,0,0,0,0,0,0,135
LMV,Victor Agro Industries,2,0,0,0,0,0,0,0,0,0,2
3W,Victoria E Vehicles Pvt. Ltd,0,0,59,59,15,2,1,10,25,2,173
3W,Victory Electric International,107,846,1466,2381,1971,858,1243,2135,3319,1402,15728
LMV,Victory Electric International,0,2,3,1,1,0,0,0,0,0,7
3W,Vijaya Electric Auto Pvt Ltd,0,0,0,0,0,0,35,193,256,138,622
3W,Vijayalakshimi Engg Works,0,0,1,0,0,0,0,0,0,0,1
3W,Vijays Coolmax Private Limited,0,0,0,0,0,0,26,1355,4807,3091,9279
3W,Vijayshree Autocom Limited,0,0,0,0,0,0,67,248,181,142,638
3W,Vijex Steel Fabrication,0,0,0,0,0,0,0,0,11,22,33
3W,Vimal Universal Trade Pvt Ltd,0,0,0,74,183,74,130,407,831,704,2403
LMV,Vinayak Industries,0,0,11,0,0,0,0,0,0,0,11
3W,Vinci Industrial Corporation,0,0,0,0,16,34,12,9,39,37,147
2W,Vintage Vehicles,0,0,0,0,0,0,0,0,0,1,1
3W,Vishal Enterprises,0,0,0,0,0,34,100,140,36,20,330
3W,Vishala E-Vehicles Industries Private Limited,0,0,0,0,0,0,0,1,92,22,115
3W,Vishwakarma Gng Industry,0,0,0,35,30,19,3,6,123,162,378
3W,Vishwarup Enterprise,0,0,0,0,4,0,0,2,10,2,18
LMV,Vishwas Trailer Weld Work,0,0,1,0,0,0,0,0,0,0,1
3W,Vitan Jagada Automobile Pvt Ltd,0,0,0,0,0,0,0,2,3,2,7
3W,Volkswagen India Pvt Ltd,1,1,1,0,0,0,0,0,0,0,3
LMV,Volkswagen India Pvt Ltd,0,2,1,0,0,0,0,0,0,0,3
3W,Volmac Engineering Pvt Ltd,0,3,26,30,16,2,0,0,0,0,77
3W,Voltaic Industries Pvt Ltd,0,0,0,21,5,6,0,0,0,0,32
LMV,Voltas Limited,0,2,2,0,0,1,0,0,0,0,5
LMV,Volvo Auto India Pvt Ltd,0,0,0,0,0,0,0,35,570,317,922
3W,Vorc Motors Pvt Ltd,0,0,0,0,0,0,0,0,0,3,3
3W,Vrinda Enterprises,0,6,44,151,290,191,113,446,1080,847,3168
3W,Vsl Industries,0,0,0,0,0,0,44,7,0,1,52
3W,Vva Auto Industries Pvt Ltd,2,77,22,5,0,1,0,0,0,0,107
2W,Wardwizard Innovations & Mobility Limited,0,0,0,0,0,0,0,314,6910,7166,14390
3W,Wardwizard Innovations & Mobility Limited,0,0,0,0,0,0,0,0,0,18,18
LMV,Wardwizard Innovations & Mobility Limited,0,0,0,0,0,0,0,0,0,2,2
2W,Warivo Motor India Pvt Ltd,0,0,0,0,0,0,0,0,1,23,24
3W,Wasan E-Mobility Solutions Pvt Ltd,0,0,0,0,0,0,0,13,80,20,113
3W,Welcome E Rickshaw,0,1,2,1,0,0,2,0,0,0,6
3W,Welkin Healthcare Pvt Ltd,0,0,0,25,67,68,22,114,30,29,355
2W,White Carbon Motors Pvt Ltd,0,0,0,0,0,0,21,82,42,20,165
MMV,Wirtgen India Pvt Ltd,1,0,0,0,0,0,0,0,0,0,1
3W,Wox Coolers Pvt Ltd,0,0,26,61,17,0,0,1,2,2,109
2W,Wuxi Dongma (Importer: Dynam Precision),0,0,0,0,0,0,0,6,15,6,27
2W,Wuxi Jiyayi (Importer: Izanau Electric Llp),0,0,0,0,0,0,0,2,275,64,341
2W,Wuxi Maya (Importer: Dynamo Electric P. Ltd.),0,0,0,0,0,0,0,0,4,63,67
2W,Wuxi Nooma (Importer: Kkl Hitech Ev),0,0,0,0,0,0,0,0,0,1,1
2W,Wuxi Nooma (Importer: Smartnk  Electric Vehicle),0,0,0,0,0,0,0,0,10,4,14
2W,Wuxi Saige (Importer: Dm Green Energy),0,0,0,0,0,0,0,0,68,21,89
3W,Wuxi Saige (Importer: Dm Green Energy),0,0,0,0,0,0,0,0,0,4,4
2W,Wuxi Saige (Importer: Electro-Tech),0,0,0,0,0,0,0,0,8,9,17
2W,Wuxi Saige (Importer: E-Vishwa Electobike),0,0,0,0,0,0,0,12,15,4,31
2W,Wuxi Saige (Importer: Ngage Impex),0,0,0,0,0,0,0,0,2,11,13
2W,Wuxi Saige (Importer: Warivo Motor),0,0,0,0,0,0,0,1,426,282,709
2W,Wuxi Saige (Importer: Zelio Auto Pvt.Ltd.),0,0,0,0,0,0,0,0,4,22,26
2W,Wuxi Saige Electric (Importer: Delta Autocorp Llp),0,0,0,0,0,0,0,4,182,109,295
2W,Wuxi Saige Electric (Importer: Glorious Digital),0,0,0,0,0,0,0,6,54,3,63
2W,Wuxi Shengbao (Importer:Electric One Energy),0,0,0,0,0,0,0,0,1,45,46
2W,Wuxi Shengbao (Importer:Shema E-Vehicle),0,0,0,0,0,0,0,0,0,48,48
2W,Wuxi Tenghui (Importer: Bohre Electric),0,0,0,0,0,0,0,0,37,6,43
2W,Wuxi Tenghui (Importer: Fezora India),0,0,0,0,0,0,0,0,35,16,51
2W,Wuxi Tenghui (Importer: Flycon Motors),0,0,0,0,0,0,0,0,72,157,229
2W,Wuxi Tenghui (Importer: Franklin Ev India),0,0,0,0,0,0,0,0,22,10,32
2W,Wuxi Tenghui (Importer: Hop Electric Mobility),0,0,0,0,0,0,0,0,389,168,557
2W,Wuxi Tenghui (Importer: Jaidka Power),0,0,0,0,0,0,0,0,8,1,9
2W,Wuxi Tenghui (Importer: Jozhi Services),0,0,0,0,0,0,0,0,0,36,36
2W,Wuxi Tenghui (Importer: Radha Mobilities Llp),0,0,0,0,0,0,0,0,2,7,9
2W,Wuxi Tenghui (Importer: Remark Electric),0,0,0,0,0,0,0,0,12,4,16
2W,Wuxi Tenghui (Importer: Seeka E Motors),0,0,0,0,0,0,0,15,278,167,460
2W,Wuxi Tenghui International (Importer: Fezora),0,0,0,0,0,0,0,0,17,18,35
2W,Wuxi Tenghui International (Importer: Franklin Ev),0,0,0,0,0,0,0,0,12,12,24
2W,Wuxi Tourwe (Importer: Goreen E-Mobility),0,0,0,0,0,0,0,0,316,102,418
3W,Xplore Automotive Pvt Ltd,0,42,62,3,0,0,0,0,0,0,107
3W,Xxplore Automative Pvt Ltd,0,31,49,15,11,1,1,12,2,0,122
3W,Xxplore Automotive Pvt. Limited,0,22,86,87,129,43,39,15,6,0,427
3W,Y.C.Electric Vehicle,780,3348,43,46,1,0,0,0,0,0,4218
3W,Yaari Automobiles Pvt Ltd,0,0,0,0,29,88,58,1,3,79,258
2W,Yangguang Lingmu (Importer: Dawngate Business),0,0,0,0,0,0,0,25,16,1,42
2W,Yangguang Lingmu (Importer: Durga Filters),0,0,0,0,0,0,0,1,9,0,10
2W,Yangguang Lingmu (Importer: Ecoindia),0,0,0,0,0,0,0,0,4,1,5
2W,Yangguang Lingmu (Importer: Flycon Motors),0,0,0,0,0,0,0,0,61,96,157
2W,Yangguang Lingmu (Importer: Remark Electric),0,0,0,0,0,0,0,13,27,13,53
2W,Yangguang Lingmu (Importer: Xwls Electric),0,0,0,0,0,0,0,0,11,13,24
3W,Yc Electric Vehicle,1,1665,7434,10816,13213,9543,15793,29793,40794,23892,152944
LMV,Yc Electric Vehicle,0,0,0,0,2,2,0,1,2,0,7
3W,Yc Electric Vehicle Pvt Ltd,0,0,30,14,24,8,1,0,0,0,77
3W,Yezdi Motors Ltd,0,0,2,0,0,0,0,0,0,0,2
2W,Youyaku Electric (Importer: Houstan Innovation),0,0,0,0,0,0,0,0,82,109,191
2W,Youyaku Electric (Importer: Sasdal Enterprises),0,0,0,0,0,0,0,0,80,101,181
2W,Youyaku Electric (Importer: Shema E-Vehicle),0,0,0,0,0,0,0,0,0,3,3
2W,Youyaku Electric (Importer: Smobility Ev),0,0,0,0,0,0,0,0,0,36,36
2W,Youyaku Electric (Importer: Tvisi Electric),0,0,0,0,0,0,0,0,2,11,13
2W,Youyaku Electric (Importer:Ime Vehicles Pvt Ltd),0,0,0,0,0,0,0,0,218,232,450
2W,Youyaku Electric (Importer:Krishika Ev India),0,0,0,0,0,0,0,0,0,23,23
2W,Youyaku Electric (Importer:Newtron Electric),0,0,0,0,0,0,0,0,36,67,103
2W,Youyaku Electric (Importer:Onzo Ev),0,0,0,0,0,0,0,0,20,37,57
3W,Yuvraj International,0,0,0,71,31,3,4,5,0,0,114
LMV,Yuvraj International,0,0,0,1,0,0,0,0,0,0,1
2W,Zap (Hk) (Importer: Izanau Electric),0,0,0,0,0,0,0,35,128,48,211
2W,Zap (Importer:Ellysium Automotives Pvt Ltd),0,0,0,0,0,0,0,0,32,7,39
3W,Zbee India Pvt Ltd,0,0,0,16,2,2,1,0,0,0,21
3W,Zeniak Innovation India Ltd,0,10,605,789,1621,1281,931,1561,2836,2626,12260
LMV,Zeniak Innovation India Ltd,0,0,0,0,0,0,0,1,0,0,1
3W,Zenthium Ev Pvt Ltd,0,0,0,0,0,0,118,223,718,612,1671
3W,Zeoplus Axis India Pvt. Ltd.,0,0,0,0,0,0,0,382,3563,3578,7523
3W,Zero 21 Renewable Energy Solutions Pvt Ltd,0,0,0,0,0,0,0,3,11,55,69
3W,Zesar Motors Pvt Ltd,0,0,4,12,12,8,15,23,37,19,130
2W,Zhejiang Luyuan (Importer: Dynam Ev Tech),0,0,0,0,0,0,0,21,45,9,75
2W,Zhejiang Tianying  (Importer: Newtron Electric),0,0,0,0,0,0,0,0,64,6,70
2W,Zhonghualong (Importer: Poworo Pvt Ltd),0,0,0,0,0,0,0,0,0,54,54
2W,Zhongxing (Importer:Greeno Automobile),0,0,0,0,0,0,0,0,0,5,5
3W,Zohan Traders And Big Metro,0,0,0,0,0,0,0,5,131,74,210
